 t  , CL , CS , CE , CIS, CIA, CH , CR , CD , CV 
 .000000000, .000000000, .729866143, .000670330, .000092830, .001209860, .000134158, .266125939, .001900740, .000000000
 1.000000000, .000000000, .727556891, .000767593, .000082989, .001137967, .000092981, .264901611, .001903993, .003555975
 2.000000000, .000000000, .725280401, .000836176, .000077424, .001090103, .000067454, .263656974, .001906589, .007084879
 3.000000000, .000000000, .723031680, .000885315, .000074518, .001058813, .000051715, .262402129, .001908788, .010587043
 4.000000000, .000000000, .720807318, .000921271, .000073239, .001039001, .000042091, .261143592, .001910751, .014062737
 5.000000000, .000000000, .718604968, .000948293, .000072933, .001027172, .000036282, .259885577, .001912578, .017512197
 6.000000000, .000000000, .716422993, .000969265, .000073191, .001020930, .000032847, .258630808, .001914331, .020935635
 7.000000000, .000000000, .714260236, .000986151, .000073763, .001018622, .000030882, .257381049, .001916048, .024333248
 8.000000000, .000000000, .712115859, .001000291, .000074498, .001019110, .000029823, .256137438, .001917752, .027705229
 9.000000000, .000000000, .709989245, .001012599, .000075305, .001021606, .000029317, .254900711, .001919457, .031051761
 10.000000000, .000000000, .707879918, .001023699, .000076136, .001025564, .000029145, .253671341, .001921169, .034373027
 11.000000000, .000000000, .705787506, .001034022, .000076964, .001030604, .000029173, .252449631, .001922894, .037669205
 12.000000000, .000000000, .703711701, .001043864, .000077778, .001036462, .000029317, .251235772, .001924634, .040940473
 13.000000000, .000000000, .701652241, .001053428, .000078573, .001042952, .000029527, .250029885, .001926390, .044187004
 14.000000000, .000000000, .699608896, .001062856, .000079351, .001049946, .000029774, .248832043, .001928163, .047408972
 15.000000000, .000000000, .697581457, .001072247, .000080115, .001057352, .000030040, .247642288, .001929952, .050606549
 16.000000000, .000000000, .695569731, .001081670, .000080868, .001065107, .000030315, .246460646, .001931758, .053779904
 17.000000000, .000000000, .693573534, .001091176, .000081615, .001073167, .000030595, .245287128, .001933581, .056929205
 18.000000000, .000000000, .691592691, .001100798, .000082359, .001081501, .000030876, .244121737, .001935420, .060054618
 19.000000000, .000000000, .689627031, .001110562, .000083104, .001090087, .000031159, .242964472, .001937277, .063156308
 20.000000000, .000000000, .687676390, .001120488, .000083852, .001098910, .000031442, .241815331, .001939150, .066234437
 21.000000000, .000000000, .685740603, .001130589, .000084606, .001107961, .000031727, .240674307, .001941040, .069289166
 22.000000000, .000000000, .683819512, .001140877, .000085369, .001117233, .000032013, .239541393, .001942947, .072320655
 23.000000000, .000000000, .681912957, .001151360, .000086142, .001126723, .000032302, .238416584, .001944872, .075329061
 24.000000000, .000000000, .680020782, .001162044, .000086926, .001136428, .000032595, .237299873, .001946813, .078314539
 25.000000000, .000000000, .678142834, .001172937, .000087722, .001146348, .000032891, .236191253, .001948773, .081277243
 26.000000000, .000000000, .676278957, .001184044, .000088532, .001156483, .000033191, .235090717, .001950750, .084217325
 27.000000000, .000000000, .674429000, .001195368, .000089357, .001166834, .000033496, .233998262, .001952746, .087134937
 28.000000000, .000000000, .672592812, .001206915, .000090196, .001177403, .000033807, .232913881, .001954760, .090030225
 29.000000000, .000000000, .670770244, .001218689, .000091051, .001188192, .000034122, .231837571, .001956793, .092903338
 30.000000000, .000000000, .668961146, .001230694, .000091922, .001199203, .000034443, .230769326, .001958846, .095754419
 31.000000000, .000000000, .667165370, .001242934, .000092810, .001210438, .000034771, .229709145, .001960918, .098583613
 32.000000000, .000000000, .665382770, .001255412, .000093715, .001221902, .000035104, .228657025, .001963010, .101391061
 33.000000000, .000000000, .663613200, .001268133, .000094638, .001233597, .000035444, .227612963, .001965123, .104176903
 34.000000000, .000000000, .661856515, .001281101, .000095578, .001245525, .000035790, .226576959, .001967256, .106941276
 35.000000000, .000000000, .660112571, .001294318, .000096536, .001257691, .000036142, .225549011, .001969411, .109684318
 36.000000000, .000000000, .658381225, .001307791, .000097513, .001270098, .000036502, .224529121, .001971587, .112406163
 37.000000000, .000000000, .656662335, .001321521, .000098509, .001282749, .000036868, .223517288, .001973785, .115106944
 38.000000000, .000000000, .654955759, .001335514, .000099524, .001295648, .000037242, .222513514, .001976006, .117786793
 39.000000000, .000000000, .653261357, .001349774, .000100559, .001308798, .000037623, .221517802, .001978250, .120445839
 40.000000000, .000000000, .651578990, .001364304, .000101613, .001322204, .000038011, .220530153, .001980516, .123084209
 41.000000000, .000000000, .649908517, .001379109, .000102687, .001335870, .000038406, .219550573, .001982807, .125702031
 42.000000000, .000000000, .648249802, .001394194, .000103782, .001349798, .000038809, .218579064, .001985122, .128299428
 43.000000000, .000000000, .646602708, .001409562, .000104898, .001363994, .000039220, .217615632, .001987461, .130876525
 44.000000000, .000000000, .644967096, .001425219, .000106034, .001378462, .000039639, .216660284, .001989826, .133433441
 45.000000000, .000000000, .643342832, .001441168, .000107193, .001393205, .000040065, .215713024, .001992216, .135970297
 46.000000000, .000000000, .641729780, .001457415, .000108373, .001408228, .000040500, .214773862, .001994633, .138487210
 47.000000000, .000000000, .640127807, .001473963, .000109575, .001423536, .000040942, .213842804, .001997076, .140984297
 48.000000000, .000000000, .638536777, .001490819, .000110799, .001439132, .000041394, .212919861, .001999546, .143461672
 49.000000000, .000000000, .636956559, .001507986, .000112047, .001455022, .000041853, .212005040, .002002043, .145919449
 50.000000000, .000000000, .635387020, .001525470, .000113317, .001471210, .000042321, .211098354, .002004569, .148357739
 51.000000000, .000000000, .633828028, .001543276, .000114612, .001487700, .000042798, .210199813, .002007124, .150776650
 52.000000000, .000000000, .632279452, .001561408, .000115930, .001504498, .000043284, .209309429, .002009707, .153176293
 53.000000000, .000000000, .630741161, .001579872, .000117272, .001521607, .000043779, .208427216, .002012321, .155556772
 54.000000000, .000000000, .629213026, .001598673, .000118639, .001539034, .000044283, .207553187, .002014964, .157918194
 55.000000000, .000000000, .627694918, .001617817, .000120032, .001556783, .000044796, .206687357, .002017638, .160260660
 56.000000000, .000000000, .626186707, .001637308, .000121449, .001574859, .000045318, .205829741, .002020344, .162584272
 57.000000000, .000000000, .624688266, .001657153, .000122893, .001593268, .000045851, .204980356, .002023082, .164889131
 58.000000000, .000000000, .623199466, .001677357, .000124363, .001612014, .000046393, .204139220, .002025852, .167175335
 59.000000000, .000000000, .621720182, .001697925, .000125860, .001631103, .000046944, .203306350, .002028656, .169442981
 60.000000000, .000000000, .620250285, .001718864, .000127384, .001650540, .000047506, .202481766, .002031493, .171692162
 61.000000000, .000000000, .618789651, .001740178, .000128935, .001670331, .000048078, .201665487, .002034364, .173922974
 62.000000000, .000000000, .617338154, .001761875, .000130514, .001690481, .000048661, .200857535, .002037271, .176135508
 63.000000000, .000000000, .615895669, .001783959, .000132122, .001710996, .000049254, .200057932, .002040213, .178329855
 64.000000000, .000000000, .614462071, .001806437, .000133759, .001731882, .000049858, .199266700, .002043191, .180506102
 65.000000000, .000000000, .613037236, .001829316, .000135425, .001753145, .000050472, .198483864, .002046206, .182664336
 66.000000000, .000000000, .611621040, .001852600, .000137121, .001774790, .000051098, .197709448, .002049259, .184804645
 67.000000000, .000000000, .610213361, .001876297, .000138847, .001796823, .000051735, .196943478, .002052350, .186927110
 68.000000000, .000000000, .608814075, .001900413, .000140604, .001819250, .000052383, .196185980, .002055480, .189031815
 69.000000000, .000000000, .607423060, .001924955, .000142392, .001842078, .000053043, .195436983, .002058649, .191118840
 70.000000000, .000000000, .606040195, .001949928, .000144211, .001865313, .000053714, .194696515, .002061859, .193188264
 71.000000000, .000000000, .604665357, .001975339, .000146063, .001888961, .000054398, .193964607, .002065110, .195240165
 72.000000000, .000000000, .603298426, .002001195, .000147948, .001913028, .000055093, .193241289, .002068402, .197274618
 73.000000000, .000000000, .601939281, .002027503, .000149865, .001937521, .000055801, .192526592, .002071737, .199291698
 74.000000000, .000000000, .600587802, .002054270, .000151817, .001962447, .000056521, .191820550, .002075115, .201291478
 75.000000000, .000000000, .599243868, .002081502, .000153802, .001987811, .000057254, .191123197, .002078538, .203274028
 76.000000000, .000000000, .597907360, .002109206, .000155823, .002013621, .000058000, .190434568, .002082005, .205239418
 77.000000000, .000000000, .596578158, .002137390, .000157878, .002039883, .000058759, .189754699, .002085517, .207187715
 78.000000000, .000000000, .595256144, .002166060, .000159969, .002066605, .000059531, .189083627, .002089076, .209118988
 79.000000000, .000000000, .593941199, .002195224, .000162097, .002093793, .000060317, .188421390, .002092682, .211033299
 80.000000000, .000000000, .592633205, .002224888, .000164261, .002121454, .000061116, .187768029, .002096336, .212930712
 81.000000000, .000000000, .591332044, .002255060, .000166462, .002149595, .000061929, .187123582, .002100038, .214811289
 82.000000000, .000000000, .590037598, .002285747, .000168702, .002178223, .000062756, .186488093, .002103791, .216675090
 83.000000000, .000000000, .588749751, .002316957, .000170980, .002207345, .000063598, .185861603, .002107594, .218522173
 84.000000000, .000000000, .587468384, .002348697, .000173297, .002236969, .000064454, .185244156, .002111448, .220352595
 85.000000000, .000000000, .586193381, .002380974, .000175653, .002267102, .000065324, .184635798, .002115354, .222166412
 86.000000000, .000000000, .584924627, .002413797, .000178050, .002297752, .000066210, .184036575, .002119313, .223963677
 87.000000000, .000000000, .583662004, .002447171, .000180487, .002328925, .000067111, .183446533, .002123327, .225744442
 88.000000000, .000000000, .582405398, .002481106, .000182966, .002360629, .000068027, .182865721, .002127395, .227508758
 89.000000000, .000000000, .581154692, .002515609, .000185486, .002392872, .000068958, .182294189, .002131520, .229256674
 90.000000000, .000000000, .579909772, .002550686, .000188049, .002425661, .000069905, .181731987, .002135701, .230988238
 91.000000000, .000000000, .578670523, .002586347, .000190655, .002459004, .000070869, .181179167, .002139940, .232703495
 92.000000000, .000000000, .577436830, .002622599, .000193305, .002492909, .000071848, .180635782, .002144237, .234402490
 93.000000000, .000000000, .576208579, .002659449, .000195998, .002527383, .000072844, .180101886, .002148595, .236085266
 94.000000000, .000000000, .574985656, .002696905, .000198737, .002562434, .000073857, .179577535, .002153013, .237751865
 95.000000000, .000000000, .573767947, .002734975, .000201520, .002598070, .000074886, .179062785, .002157492, .239402325
 96.000000000, .000000000, .572555339, .002773667, .000204350, .002634298, .000075932, .178557693, .002162035, .241036686
 97.000000000, .000000000, .571347719, .002812988, .000207226, .002671127, .000076996, .178062318, .002166641, .242654984
 98.000000000, .000000000, .570144975, .002852946, .000210150, .002708564, .000078078, .177576720, .002171312, .244257255
 99.000000000, .000000000, .568946993, .002893549, .000213121, .002746618, .000079177, .177100961, .002176049, .245843532
 100.000000000, .000000000, .567753663, .002934805, .000216141, .002785295, .000080294, .176635102, .002180853, .247413848
 101.000000000, .000000000, .566564871, .002976721, .000219209, .002824604, .000081429, .176179206, .002185725, .248968234
 102.000000000, .000000000, .565380508, .003019305, .000222327, .002864553, .000082583, .175733339, .002190666, .250506719
 103.000000000, .000000000, .564200461, .003062564, .000225495, .002905150, .000083756, .175297565, .002195678, .252029331
 104.000000000, .000000000, .563024621, .003106507, .000228714, .002946402, .000084947, .174871951, .002200761, .253536097
 105.000000000, .000000000, .561852877, .003151140, .000231984, .002988318, .000086158, .174456566, .002205916, .255027041
 106.000000000, .000000000, .560685118, .003196471, .000235305, .003030905, .000087388, .174051478, .002211145, .256502188
 107.000000000, .000000000, .559521237, .003242508, .000238680, .003074171, .000088637, .173656757, .002216449, .257961560
 108.000000000, .000000000, .558361123, .003289258, .000242107, .003118124, .000089907, .173272474, .002221829, .259405177
 109.000000000, .000000000, .557204668, .003336728, .000245588, .003162772, .000091196, .172898702, .002227287, .260833060
 110.000000000, .000000000, .556051764, .003384925, .000249123, .003208121, .000092505, .172535513, .002232822, .262245226
 111.000000000, .000000000, .554902304, .003433856, .000252713, .003254181, .000093836, .172182982, .002238438, .263641692
 112.000000000, .000000000, .553756179, .003483528, .000256358, .003300958, .000095186, .171841183, .002244134, .265022474
 113.000000000, .000000000, .552613283, .003533948, .000260059, .003348459, .000096558, .171510194, .002249913, .266387585
 114.000000000, .000000000, .551473511, .003585123, .000263817, .003396693, .000097951, .171190092, .002255774, .267737040
 115.000000000, .000000000, .550336756, .003637059, .000267631, .003445666, .000099365, .170880954, .002261721, .269070849
 116.000000000, .000000000, .549202913, .003689762, .000271502, .003495386, .000100800, .170582859, .002267754, .270389023
 117.000000000, .000000000, .548071879, .003743238, .000275432, .003545860, .000102257, .170295888, .002273873, .271691572
 118.000000000, .000000000, .546943549, .003797495, .000279420, .003597094, .000103737, .170020121, .002280082, .272978503
 119.000000000, .000000000, .545817819, .003852536, .000283467, .003649096, .000105238, .169755641, .002286380, .274249823
 120.000000000, .000000000, .544694588, .003908369, .000287573, .003701872, .000106761, .169502529, .002292770, .275505538
 121.000000000, .000000000, .543573754, .003964997, .000291740, .003755428, .000108307, .169260869, .002299252, .276745653
 122.000000000, .000000000, .542455215, .004022428, .000295966, .003809771, .000109876, .169030745, .002305828, .277970171
 123.000000000, .000000000, .541338871, .004080665, .000300253, .003864908, .000111468, .168812241, .002312499, .279179096
 124.000000000, .000000000, .540224624, .004139712, .000304602, .003920843, .000113082, .168605443, .002319267, .280372427
 125.000000000, .000000000, .539112373, .004199575, .000309012, .003977583, .000114720, .168410437, .002326132, .281550167
 126.000000000, .000000000, .538002022, .004260258, .000313483, .004035134, .000116381, .168227310, .002333098, .282712314
 127.000000000, .000000000, .536893474, .004321763, .000318018, .004093500, .000118066, .168056148, .002340164, .283858868
 128.000000000, .000000000, .535786632, .004384096, .000322614, .004152687, .000119774, .167897040, .002347332, .284989825
 129.000000000, .000000000, .534681402, .004447258, .000327274, .004212700, .000121506, .167750072, .002354604, .286105185
 130.000000000, .000000000, .533577690, .004511253, .000331997, .004273542, .000123261, .167615335, .002361980, .287204942
 131.000000000, .000000000, .532475404, .004576082, .000336783, .004335219, .000125041, .167492915, .002369464, .288289092
 132.000000000, .000000000, .531374451, .004641749, .000341633, .004397733, .000126845, .167382904, .002377055, .289357631
 133.000000000, .000000000, .530274741, .004708253, .000346547, .004461090, .000128673, .167285388, .002384755, .290410552
 134.000000000, .000000000, .529176186, .004775598, .000351525, .004525291, .000130525, .167200459, .002392567, .291447849
 135.000000000, .000000000, .528078696, .004843783, .000356567, .004590341, .000132402, .167128205, .002400490, .292469515
 136.000000000, .000000000, .526982186, .004912809, .000361674, .004656241, .000134303, .167068716, .002408527, .293475543
 137.000000000, .000000000, .525886571, .004982676, .000366845, .004722994, .000136229, .167022081, .002416679, .294465926
 138.000000000, .000000000, .524791766, .005053382, .000372081, .004790601, .000138179, .166988390, .002424948, .295440654
 139.000000000, .000000000, .523697689, .005124927, .000377381, .004859064, .000140154, .166967731, .002433335, .296399720
 140.000000000, .000000000, .522604260, .005197309, .000382746, .004928383, .000142153, .166960193, .002441841, .297343114
 141.000000000, .000000000, .521511400, .005270526, .000388176, .004998560, .000144177, .166965865, .002450468, .298270829
 142.000000000, .000000000, .520419031, .005344575, .000393669, .005069594, .000146226, .166984834, .002459217, .299182854
 143.000000000, .000000000, .519327077, .005419453, .000399227, .005141484, .000148299, .167017188, .002468090, .300079182
 144.000000000, .000000000, .518235465, .005495155, .000404850, .005214230, .000150397, .167063013, .002477089, .300959802
 145.000000000, .000000000, .517144123, .005571677, .000410536, .005287830, .000152519, .167122396, .002486214, .301824706
 146.000000000, .000000000, .516052980, .005649014, .000416285, .005362282, .000154666, .167195421, .002495467, .302673884
 147.000000000, .000000000, .514961969, .005727159, .000422099, .005437584, .000156837, .167282174, .002504850, .303507329
 148.000000000, .000000000, .513871023, .005806107, .000427975, .005513731, .000159032, .167382736, .002514364, .304325032
 149.000000000, .000000000, .512780079, .005885850, .000433913, .005590721, .000161251, .167497190, .002524011, .305126986
 150.000000000, .000000000, .511689075, .005966380, .000439914, .005668548, .000163494, .167625616, .002533791, .305913181
 151.000000000, .000000000, .510597951, .006047688, .000445977, .005747208, .000165761, .167768095, .002543707, .306683613
 152.000000000, .000000000, .509506651, .006129765, .000452100, .005826696, .000168052, .167924704, .002553759, .307438274
 153.000000000, .000000000, .508415120, .006212601, .000458284, .005907003, .000170366, .168095518, .002563949, .308177158
 154.000000000, .000000000, .507323306, .006296184, .000464528, .005988124, .000172704, .168280614, .002574278, .308900262
 155.000000000, .000000000, .506231159, .006380503, .000470831, .006070051, .000175064, .168480064, .002584748, .309607581
 156.000000000, .000000000, .505138632, .006465544, .000477192, .006152774, .000177448, .168693937, .002595361, .310299111
 157.000000000, .000000000, .504045682, .006551296, .000483611, .006236286, .000179853, .168922304, .002606116, .310974852
 158.000000000, .000000000, .502952266, .006637743, .000490086, .006320574, .000182281, .169165231, .002617017, .311634802
 159.000000000, .000000000, .501858347, .006724870, .000496617, .006405630, .000184731, .169422780, .002628063, .312278962
 160.000000000, .000000000, .500763888, .006812662, .000503202, .006491440, .000187202, .169695016, .002639256, .312907334
 161.000000000, .000000000, .499668857, .006901100, .000509841, .006577994, .000189694, .169981995, .002650598, .313519920
 162.000000000, .000000000, .498573225, .006990168, .000516532, .006665276, .000192207, .170283774, .002662089, .314116727
 163.000000000, .000000000, .497476965, .007079847, .000523275, .006753274, .000194741, .170600407, .002673732, .314697759
 164.000000000, .000000000, .496380055, .007170117, .000530067, .006841971, .000197294, .170931944, .002685526, .315263026
 165.000000000, .000000000, .495282473, .007260958, .000536908, .006931353, .000199867, .171278431, .002697473, .315812538
 166.000000000, .000000000, .494184205, .007352347, .000543795, .007021402, .000202458, .171639913, .002709574, .316346305
 167.000000000, .000000000, .493085237, .007444263, .000550728, .007112101, .000205068, .172016429, .002721831, .316864343
 168.000000000, .000000000, .491985560, .007536682, .000557705, .007203431, .000207696, .172408015, .002734244, .317366667
 169.000000000, .000000000, .490885167, .007629580, .000564725, .007295373, .000210341, .172814705, .002746814, .317853295
 170.000000000, .000000000, .489784058, .007722931, .000571785, .007387905, .000213003, .173236527, .002759542, .318324249
 171.000000000, .000000000, .488682233, .007816709, .000578884, .007481008, .000215680, .173673505, .002772430, .318779550
 172.000000000, .000000000, .487579698, .007910888, .000586019, .007574658, .000218374, .174125660, .002785477, .319219226
 173.000000000, .000000000, .486476462, .008005438, .000593190, .007668832, .000221081, .174593008, .002798686, .319643304
 174.000000000, .000000000, .485372538, .008100330, .000600394, .007763506, .000223803, .175075558, .002812055, .320051815
 175.000000000, .000000000, .484267944, .008195535, .000607628, .007858655, .000226538, .175573319, .002825588, .320444792
 176.000000000, .000000000, .483162701, .008291022, .000614892, .007954252, .000229286, .176086291, .002839283, .320822274
 177.000000000, .000000000, .482056834, .008386757, .000622182, .008050270, .000232045, .176614472, .002853142, .321184299
 178.000000000, .000000000, .480950372, .008482710, .000629496, .008146682, .000234815, .177157851, .002867165, .321530910
 179.000000000, .000000000, .479843349, .008578845, .000636832, .008243458, .000237595, .177716416, .002881353, .321862153
 180.000000000, .000000000, .478735804, .008675127, .000644187, .008340568, .000240384, .178290146, .002895706, .322178078
 181.000000000, .000000000, .477627777, .008771522, .000651560, .008437981, .000243181, .178879016, .002910226, .322478738
 182.000000000, .000000000, .476519316, .008867993, .000658946, .008535666, .000245985, .179482995, .002924911, .322764189
 183.000000000, .000000000, .475410471, .008964501, .000666345, .008633588, .000248796, .180102046, .002939763, .323034490
 184.000000000, .000000000, .474301297, .009061010, .000673752, .008731716, .000251612, .180736125, .002954781, .323289706
 185.000000000, .000000000, .473191854, .009157480, .000681165, .008830013, .000254433, .181385184, .002969967, .323529904
 186.000000000, .000000000, .472082206, .009253871, .000688582, .008928444, .000257256, .182049167, .002985319, .323755155
 187.000000000, .000000000, .470972420, .009350143, .000695999, .009026973, .000260082, .182728010, .003000839, .323965533
 188.000000000, .000000000, .469862571, .009446254, .000703413, .009125563, .000262909, .183421646, .003016526, .324161118
 189.000000000, .000000000, .468752734, .009542162, .000710822, .009224174, .000265736, .184129998, .003032380, .324341993
 190.000000000, .000000000, .467642992, .009637825, .000718222, .009322769, .000268562, .184852984, .003048400, .324508245
 191.000000000, .000000000, .466533430, .009733200, .000725610, .009421307, .000271386, .185590514, .003064588, .324659966
 192.000000000, .000000000, .465424140, .009828241, .000732983, .009519747, .000274206, .186342491, .003080942, .324797249
 193.000000000, .000000000, .464315215, .009922906, .000740338, .009618049, .000277021, .187108812, .003097463, .324920196
 194.000000000, .000000000, .463206756, .010017148, .000747671, .009716170, .000279831, .187889366, .003114149, .325028911
 195.000000000, .000000000, .462098865, .010110923, .000754978, .009814067, .000282633, .188684033, .003131000, .325123501
 196.000000000, .000000000, .460991650, .010204185, .000762258, .009911697, .000285427, .189492687, .003148016, .325204080
 197.000000000, .000000000, .459885225, .010296887, .000769505, .010009017, .000288211, .190315195, .003165196, .325270764
 198.000000000, .000000000, .458779705, .010388982, .000776717, .010105981, .000290984, .191151416, .003182540, .325323676
 199.000000000, .000000000, .457675210, .010480424, .000783890, .010202544, .000293745, .192001201, .003200046, .325362941
 200.000000000, .000000000, .456571866, .010571167, .000791021, .010298660, .000296492, .192864392, .003217713, .325388689
 201.000000000, .000000000, .455469801, .010661161, .000798106, .010394284, .000299224, .193740825, .003235542, .325401057
 202.000000000, .000000000, .454369147, .010750361, .000805141, .010489369, .000301940, .194630328, .003253530, .325400183
 203.000000000, .000000000, .453270042, .010838718, .000812123, .010583869, .000304638, .195532721, .003271677, .325386212
 204.000000000, .000000000, .452172626, .010926185, .000819048, .010677735, .000307317, .196447816, .003289981, .325359292
 205.000000000, .000000000, .451077043, .011012715, .000825913, .010770921, .000309976, .197375416, .003308441, .325319575
 206.000000000, .000000000, .449983441, .011098261, .000832714, .010863380, .000312613, .198315318, .003327056, .325267219
 207.000000000, .000000000, .448891970, .011182775, .000839447, .010955062, .000315226, .199267310, .003345824, .325202386
 208.000000000, .000000000, .447802786, .011266210, .000846109, .011045921, .000317816, .200231172, .003364744, .325125242
 209.000000000, .000000000, .446716047, .011348520, .000852695, .011135909, .000320379, .201206678, .003383814, .325035958
 210.000000000, .000000000, .445631914, .011429659, .000859204, .011224977, .000322915, .202193592, .003403032, .324934707
 211.000000000, .000000000, .444550550, .011509580, .000865630, .011313079, .000325422, .203191672, .003422397, .324821670
 212.000000000, .000000000, .443472124, .011588239, .000871970, .011400166, .000327899, .204200667, .003441907, .324697028
 213.000000000, .000000000, .442396804, .011665591, .000878221, .011486191, .000330344, .205220318, .003461560, .324560969
 214.000000000, .000000000, .441324764, .011741592, .000884380, .011571106, .000332757, .206250361, .003481354, .324413685
 215.000000000, .000000000, .440256178, .011816198, .000890442, .011654866, .000335136, .207290523, .003501287, .324255370
 216.000000000, .000000000, .439191224, .011889366, .000896404, .011737424, .000337479, .208340524, .003521356, .324086223
 217.000000000, .000000000, .438130081, .011961055, .000902264, .011818733, .000339786, .209400076, .003541560, .323906447
 218.000000000, .000000000, .437072930, .012031224, .000908017, .011898748, .000342054, .210468884, .003561896, .323716248
 219.000000000, .000000000, .436019954, .012099832, .000913660, .011977424, .000344283, .211546649, .003582362, .323515835
 220.000000000, .000000000, .434971774, .012166841, .000919191, .012054718, .000346471, .212633062, .003602955, .323304988
 221.000000000, .000000000, .433930291, .012232213, .000924605, .012130585, .000348617, .213727809, .003623672, .323082207
 222.000000000, .000000000, .432893503, .012295911, .000929901, .012204983, .000350721, .214830569, .003644512, .322849900
 223.000000000, .000000000, .431861601, .012357900, .000935074, .012277871, .000352779, .215941016, .003665471, .322608288
 224.000000000, .000000000, .430841146, .012418145, .000940123, .012349206, .000354793, .217058815, .003686546, .322351225
 225.000000000, .000000000, .429857460, .012476621, .000945044, .012418950, .000356760, .218183630, .003707736, .322053800
 226.000000000, .000000000, .428878669, .012533298, .000949834, .012487066, .000358679, .219315116, .003729036, .321748302
 227.000000000, .000000000, .427904972, .012588145, .000954492, .012553516, .000360549, .220452923, .003750445, .321434958
 228.000000000, .000000000, .426943330, .012641131, .000959014, .012618265, .000362370, .221596699, .003771958, .321107233
 229.000000000, .000000000, .426020617, .012692237, .000963398, .012681278, .000364140, .222746085, .003793574, .320738672
 230.000000000, .000000000, .425102999, .012741439, .000967643, .012742523, .000365858, .223900718, .003815288, .320363532
 231.000000000, .000000000, .424190678, .012788710, .000971746, .012801968, .000367524, .225060232, .003837098, .319982044
 232.000000000, .000000000, .423291084, .012834026, .000975705, .012859583, .000369137, .226224255, .003859001, .319587209
 233.000000000, .000000000, .422432921, .012877375, .000979518, .012915339, .000370695, .227392416, .003880993, .319150744
 234.000000000, .000000000, .421580034, .012918738, .000983184, .012969209, .000372199, .228564335, .003903070, .318709231
 235.000000000, .000000000, .420732630, .012958096, .000986700, .013021167, .000373647, .229739634, .003925231, .318262895
 236.000000000, .000000000, .419898551, .012995430, .000990066, .013071189, .000375038, .230917929, .003947471, .317804326
 237.000000000, .000000000, .419108131, .013030735, .000993279, .013119251, .000376373, .232098837, .003969787, .317303606
 238.000000000, .000000000, .418323150, .013064000, .000996339, .013165334, .000377650, .233281971, .003992175, .316799380
 239.000000000, .000000000, .417543812, .013095212, .000999245, .013209418, .000378870, .234466941, .004014633, .316291870
 240.000000000, .000000000, .416778380, .013124358, .001001994, .013251484, .000380030, .235653360, .004037156, .315773237
 241.000000000, .000000000, .416058850, .013151441, .001004588, .013291517, .000381132, .236840836, .004059741, .315211895
 242.000000000, .000000000, .415344890, .013176457, .001007024, .013329502, .000382175, .238028978, .004082385, .314648589
 243.000000000, .000000000, .414636704, .013199399, .001009302, .013365427, .000383158, .239217395, .004105083, .314083531
 244.000000000, .000000000, .413942974, .013220263, .001011423, .013399280, .000384081, .240405695, .004127833, .313508452
 245.000000000, .000000000, .413297365, .013239058, .001013384, .013431051, .000384944, .241593486, .004150631, .312890080
 246.000000000, .000000000, .412657424, .013255786, .001015187, .013460735, .000385747, .242780379, .004173474, .312271269
 247.000000000, .000000000, .412023347, .013270449, .001016830, .013488325, .000386489, .243965984, .004196357, .311652219
 248.000000000, .000000000, .411404167, .013283048, .001018315, .013513817, .000387171, .245149912, .004219277, .311024295
 249.000000000, .000000000, .410834956, .013293599, .001019641, .013537207, .000387792, .246331777, .004242230, .310352798
 250.000000000, .000000000, .410271470, .013302112, .001020808, .013558497, .000388353, .247511194, .004265214, .309682351
 251.000000000, .000000000, .409713901, .013308595, .001021818, .013577688, .000388853, .248687781, .004288224, .309013141
 252.000000000, .000000000, .409171655, .013313054, .001022670, .013594781, .000389293, .249861158, .004311257, .308336132
 253.000000000, .000000000, .408681311, .013315514, .001023366, .013609782, .000389673, .251030947, .004334310, .307615098
 254.000000000, .000000000, .408196706, .013315991, .001023905, .013622697, .000389993, .252196776, .004357378, .306896555
 255.000000000, .000000000, .407718023, .013314498, .001024290, .013633535, .000390253, .253358273, .004380458, .306180671
 256.000000000, .000000000, .407254977, .013311047, .001024521, .013642304, .000390454, .254515073, .004403547, .305458077
 257.000000000, .000000000, .406845402, .013305670, .001024599, .013649015, .000390596, .255666812, .004426642, .304691264
 258.000000000, .000000000, .406441536, .013298389, .001024526, .013653683, .000390679, .256813133, .004449738, .303928315
 259.000000000, .000000000, .406043552, .013289221, .001024303, .013656322, .000390704, .257953683, .004472833, .303169382
 260.000000000, .000000000, .405661490, .013278185, .001023932, .013656946, .000390672, .259088112, .004495923, .302404740
 261.000000000, .000000000, .405334506, .013265318, .001023413, .013655574, .000390583, .260216077, .004519004, .301595525
 262.000000000, .000000000, .405013153, .013250646, .001022750, .013652225, .000390437, .261337240, .004542074, .300791476
 263.000000000, .000000000, .404697592, .013234191, .001021943, .013646919, .000390235, .262451269, .004565130, .299992720
 264.000000000, .000000000, .404398145, .013215978, .001020996, .013639678, .000389978, .263557837, .004588167, .299189221
 265.000000000, .000000000, .404155125, .013196048, .001019908, .013630524, .000389667, .264656624, .004611183, .298340921
 266.000000000, .000000000, .403917611, .013174430, .001018684, .013619483, .000389301, .265747316, .004634174, .297499001
 267.000000000, .000000000, .403685751, .013151153, .001017325, .013606579, .000388883, .266829604, .004657138, .296663566
 268.000000000, .000000000, .403470104, .013126243, .001015833, .013591841, .000388413, .267903189, .004680072, .295824306
 269.000000000, .000000000, .403311970, .013099744, .001014210, .013575294, .000387891, .268967775, .004702972, .294940144
 270.000000000, .000000000, .403159170, .013071693, .001012460, .013556969, .000387319, .270023077, .004725836, .294063478
 271.000000000, .000000000, .403011841, .013042116, .001010584, .013536896, .000386697, .271068813, .004748660, .293194392
 272.000000000, .000000000, .402880733, .013011047, .001008586, .013515105, .000386027, .272104712, .004771442, .292322347
 273.000000000, .000000000, .402807958, .012978531, .001006467, .013491629, .000385309, .273130510, .004794179, .291405417
 274.000000000, .000000000, .402740305, .012944606, .001004231, .013466501, .000384544, .274145947, .004816869, .290496998
 275.000000000, .000000000, .402677897, .012909303, .001001880, .013439754, .000383733, .275150776, .004839508, .289597149
 276.000000000, .000000000, .402631675, .012872655, .000999416, .013411424, .000382878, .276144754, .004862094, .288695104
 277.000000000, .000000000, .402644562, .012834712, .000996844, .013381543, .000381979, .277127647, .004884625, .287748088
 278.000000000, .000000000, .402662316, .012795512, .000994165, .013350150, .000381037, .278099230, .004907098, .286810491
 279.000000000, .000000000, .402685048, .012755088, .000991382, .013317281, .000380054, .279059286, .004929511, .285882350
 280.000000000, .000000000, .402723812, .012713474, .000988499, .013282972, .000379031, .280007604, .004951861, .284952747
 281.000000000, .000000000, .402822039, .012670720, .000985518, .013247261, .000377968, .280943984, .004974146, .283978364
 282.000000000, .000000000, .402924845, .012626866, .000982442, .013210186, .000376867, .281868233, .004996364, .283014197
 283.000000000, .000000000, .403032324, .012581945, .000979275, .013171786, .000375728, .282780166, .005018513, .282060262
 284.000000000, .000000000, .403155672, .012535992, .000976019, .013132099, .000374554, .283679607, .005040591, .281105466
 285.000000000, .000000000, .403338922, .012489057, .000972678, .013091163, .000373345, .284566387, .005062595, .280105852
 286.000000000, .000000000, .403526426, .012441180, .000969253, .013049020, .000372102, .285440348, .005084525, .279117147
 287.000000000, .000000000, .403718267, .012392394, .000965750, .013005708, .000370826, .286301337, .005106377, .278139341
 288.000000000, .000000000, .403925630, .012342734, .000962169, .012961267, .000369519, .287149212, .005128150, .277161319
 289.000000000, .000000000, .404192572, .012292248, .000958515, .012915735, .000368182, .287983839, .005149842, .276139067
 290.000000000, .000000000, .404463420, .012240976, .000954790, .012869154, .000366816, .288805090, .005171453, .275128302
 291.000000000, .000000000, .404738246, .012188951, .000950998, .012821563, .000365422, .289612847, .005192979, .274128994
 292.000000000, .000000000, .405028280, .012136206, .000947141, .012773001, .000364001, .290407001, .005214420, .273129950
 293.000000000, .000000000, .405377814, .012082789, .000943222, .012723508, .000362554, .291187449, .005235774, .272086890
 294.000000000, .000000000, .405730882, .012028739, .000939245, .012673124, .000361082, .291954098, .005257040, .271055791
 295.000000000, .000000000, .406087544, .011974085, .000935212, .012621888, .000359588, .292706860, .005278217, .270036606
 296.000000000, .000000000, .406458947, .011918861, .000931126, .012569839, .000358071, .293445659, .005299302, .269018194
 297.000000000, .000000000, .406889103, .011863113, .000926990, .012517015, .000356533, .294170424, .005320296, .267956527
 298.000000000, .000000000, .407322406, .011806877, .000922807, .012463456, .000354974, .294881091, .005341196, .266907192
 299.000000000, .000000000, .407758905, .011750182, .000918580, .012409201, .000353397, .295577607, .005362002, .265870126
 300.000000000, .000000000, .408209674, .011693059, .000914312, .012354285, .000351802, .296259922, .005382713, .264834232
 301.000000000, .000000000, .408718478, .011635551, .000910004, .012298748, .000350190, .296927998, .005403328, .263755704
 302.000000000, .000000000, .409230029, .011577693, .000905661, .012242626, .000348562, .297581801, .005423845, .262689783
 303.000000000, .000000000, .409744367, .011519512, .000901284, .012185956, .000346920, .298221304, .005444265, .261636391
 304.000000000, .000000000, .410272366, .011461036, .000896877, .012128774, .000345264, .298846491, .005464587, .260584606
 305.000000000, .000000000, .410857049, .011402306, .000892441, .012071116, .000343595, .299457347, .005484808, .259491337
 306.000000000, .000000000, .411444077, .011343355, .000887980, .012013017, .000341915, .300053868, .005504931, .258410858
 307.000000000, .000000000, .412033477, .011284206, .000883496, .011954512, .000340224, .300636056, .005524952, .257343077
 308.000000000, .000000000, .412635940, .011224887, .000878991, .011895635, .000338523, .301203918, .005544873, .256277233
 309.000000000, .000000000, .413293805, .011165434, .000874468, .011836419, .000336814, .301757468, .005564692, .255170901
 310.000000000, .000000000, .413953606, .011105878, .000869929, .011776897, .000335097, .302296726, .005584409, .254077458
 311.000000000, .000000000, .414615363, .011046240, .000865377, .011717103, .000333373, .302821720, .005604024, .252996801
 312.000000000, .000000000, .415289460, .010986545, .000860813, .011657067, .000331643, .303332480, .005623536, .251918457
 313.000000000, .000000000, .416017063, .010926826, .000856240, .011596820, .000329907, .303829046, .005642945, .250801152
 314.000000000, .000000000, .416746197, .010867111, .000851661, .011536393, .000328168, .304311460, .005662252, .249696758
 315.000000000, .000000000, .417476874, .010807420, .000847076, .011475817, .000326425, .304779771, .005681455, .248605162
 316.000000000, .000000000, .418219107, .010747773, .000842489, .011415119, .000324679, .305234034, .005700555, .247516243
 317.000000000, .000000000, .419012626, .010688202, .000837901, .011354328, .000322932, .305674308, .005719551, .246390150
 318.000000000, .000000000, .419807279, .010628731, .000833314, .011293473, .000321184, .306100657, .005738444, .245276917
 319.000000000, .000000000, .420603067, .010569378, .000828731, .011232581, .000319435, .306513150, .005757234, .244176424
 320.000000000, .000000000, .421409610, .010510159, .000824152, .011171677, .000317687, .306911860, .005775920, .243078934
 321.000000000, .000000000, .422265098, .010451105, .000819580, .011110787, .000315940, .307296867, .005794504, .241946119
 322.000000000, .000000000, .423121328, .010392236, .000815016, .011049937, .000314195, .307668252, .005812984, .240826052
 323.000000000, .000000000, .423978297, .010333567, .000810463, .010989151, .000312453, .308026102, .005831361, .239718606
 324.000000000, .000000000, .424845096, .010275113, .000805921, .010928452, .000310714, .308370507, .005849636, .238614560
 325.000000000, .000000000, .425757851, .010216901, .000801393, .010867863, .000308979, .308701563, .005867808, .237477641
 326.000000000, .000000000, .426670972, .010158948, .000796880, .010807407, .000307248, .309019367, .005885879, .236353299
 327.000000000, .000000000, .427584448, .010101268, .000792383, .010747106, .000305522, .309324021, .005903847, .235241405
 328.000000000, .000000000, .428506775, .010043872, .000787903, .010686980, .000303802, .309615631, .005921714, .234133322
 329.000000000, .000000000, .429471741, .009986785, .000783443, .010627049, .000302089, .309894304, .005939481, .232995109
 330.000000000, .000000000, .430436709, .009930020, .000779003, .010567333, .000300382, .310160153, .005957146, .231869253
 331.000000000, .000000000, .431401666, .009873590, .000774585, .010507851, .000298682, .310413292, .005974712, .230755622
 332.000000000, .000000000, .432374455, .009817504, .000770191, .010448621, .000296990, .310653838, .005992178, .229646222
 333.000000000, .000000000, .433386303, .009761783, .000765820, .010389660, .000295307, .310881912, .006009545, .228509670
 334.000000000, .000000000, .434397808, .009706439, .000761474, .010330986, .000293632, .311097636, .006026813, .227385212
 335.000000000, .000000000, .435408950, .009651481, .000757155, .010272614, .000291967, .311301134, .006043984, .226272714
 336.000000000, .000000000, .436426802, .009596919, .000752863, .010214561, .000290311, .311492536, .006061057, .225164951
 337.000000000, .000000000, .437479541, .009542767, .000748600, .010156841, .000288665, .311671969, .006078033, .224033583
 338.000000000, .000000000, .438531611, .009489038, .000744366, .010099469, .000287030, .311839566, .006094913, .222914007
 339.000000000, .000000000, .439582987, .009435738, .000740162, .010042459, .000285406, .311995459, .006111698, .221806091
 340.000000000, .000000000, .440639900, .009382874, .000735989, .009985824, .000283792, .312139785, .006128388, .220703448
 341.000000000, .000000000, .441727200, .009330460, .000731848, .009929575, .000282191, .312272680, .006144984, .219581062
 342.000000000, .000000000, .442813523, .009278504, .000727740, .009873726, .000280601, .312394283, .006161487, .218470136
 343.000000000, .000000000, .443898843, .009227013, .000723666, .009818288, .000279023, .312504732, .006177896, .217370539
 344.000000000, .000000000, .444988449, .009175991, .000719625, .009763272, .000277458, .312604170, .006194215, .216276821
 345.000000000, .000000000, .446103465, .009125449, .000715620, .009708688, .000275905, .312692739, .006210442, .215167693
 346.000000000, .000000000, .447217222, .009075394, .000711649, .009654546, .000274366, .312770581, .006226578, .214069664
 347.000000000, .000000000, .448329686, .009025830, .000707715, .009600855, .000272840, .312837843, .006242625, .212982605
 348.000000000, .000000000, .449445101, .008976762, .000703817, .009547625, .000271327, .312894668, .006258584, .211902116
 349.000000000, .000000000, .450580435, .008928196, .000699957, .009494863, .000269828, .312941203, .006274454, .210811063
 350.000000000, .000000000, .451714248, .008880140, .000696134, .009442577, .000268343, .312977595, .006290238, .209730725
 351.000000000, .000000000, .452846506, .008832595, .000692349, .009390775, .000266872, .313003991, .006305935, .208660977
 352.000000000, .000000000, .453980244, .008785564, .000688602, .009339464, .000265416, .313020539, .006321547, .207598625
 353.000000000, .000000000, .455127631, .008739053, .000684894, .009288650, .000263974, .313027387, .006337075, .206531336
 354.000000000, .000000000, .456273266, .008693066, .000681226, .009238338, .000262546, .313024684, .006352518, .205474355
 355.000000000, .000000000, .457417112, .008647604, .000677597, .009188536, .000261134, .313012579, .006367880, .204427559
 356.000000000, .000000000, .458560851, .008602670, .000674007, .009139247, .000259736, .312991220, .006383159, .203389109
 357.000000000, .000000000, .459711290, .008558267, .000670458, .009090477, .000258354, .312960758, .006398357, .202352039
 358.000000000, .000000000, .460859776, .008514396, .000666949, .009042229, .000256986, .312921341, .006413476, .201324847
 359.000000000, .000000000, .462006269, .008471060, .000663480, .008994508, .000255634, .312873118, .006428515, .200307416
 360.000000000, .000000000, .463150730, .008428259, .000660053, .008947318, .000254297, .312816237, .006443476, .199299630
