 t   , NCL , NCS , NCE , NCIS, NCIA, NCH , NCR , NCD , NCV 
 .000000000, .266260097, .463606046, .000670330, .000092830, .001209860, .000134158, .266125939, .001900740, .000000000
 1.000000000, .266174788, .464942397, .000763676, .000082945, .001137632, .000092978, .264901590, .001903993, .000000000
 2.000000000, .266094013, .466279689, .000829231, .000077278, .001088942, .000067438, .263656821, .001906588, .000000000
 3.000000000, .266016205, .467615001, .000875917, .000074241, .001056523, .000051672, .262401658, .001908782, .000000000
 4.000000000, .265940303, .468946363, .000909795, .000072820, .001035400, .000042010, .261142570, .001910738, .000000000
 5.000000000, .265865586, .470272448, .000934983, .000072370, .001022154, .000036157, .259883745, .001912556, .000000000
 6.000000000, .265791561, .471592366, .000954287, .000072488, .001014436, .000032673, .258627892, .001914296, .000000000
 7.000000000, .265717891, .472905517, .000969620, .000072924, .001010626, .000030658, .257376767, .001915998, .000000000
 8.000000000, .265644343, .474211500, .000982286, .000073527, .001009604, .000029548, .256131508, .001917683, .000000000
 9.000000000, .265570756, .475510050, .000993180, .000074208, .001010595, .000028992, .254892854, .001919365, .000000000
 10.000000000, .265497015, .476800989, .001002914, .000074918, .001013059, .000028772, .253661280, .001921053, .000000000
 11.000000000, .265423037, .478084203, .001011909, .000075630, .001016622, .000028753, .252437095, .001922751, .000000000
 12.000000000, .265348764, .479359619, .001020455, .000076332, .001021023, .000028851, .251220496, .001924461, .000000000
 13.000000000, .265274148, .480627190, .001028754, .000077019, .001026078, .000029017, .250011609, .001926184, .000000000
 14.000000000, .265199155, .481886891, .001036945, .000077692, .001031659, .000029221, .248810514, .001927922, .000000000
 15.000000000, .265123756, .483138708, .001045126, .000078353, .001037677, .000029446, .247617260, .001929674, .000000000
 16.000000000, .265047926, .484382635, .001053364, .000079007, .001044068, .000029681, .246431879, .001931441, .000000000
 17.000000000, .264971644, .485618672, .001061710, .000079657, .001050789, .000029921, .245254386, .001933222, .000000000
 18.000000000, .264894890, .486846822, .001070198, .000080306, .001057807, .000030165, .244084794, .001935017, .000000000
 19.000000000, .264817648, .488067094, .001078853, .000080958, .001065103, .000030410, .242923106, .001936827, .000000000
 20.000000000, .264739900, .489279493, .001087695, .000081616, .001072662, .000030657, .241769326, .001938652, .000000000
 21.000000000, .264661629, .490484028, .001096737, .000082282, .001080473, .000030907, .240623453, .001940492, .000000000
 22.000000000, .264582819, .491680709, .001105990, .000082959, .001088531, .000031159, .239485487, .001942347, .000000000
 23.000000000, .264503455, .492869544, .001115464, .000083647, .001096831, .000031414, .238355428, .001944217, .000000000
 24.000000000, .264423519, .494050541, .001125167, .000084349, .001105373, .000031674, .237233275, .001946103, .000000000
 25.000000000, .264342998, .495223710, .001135103, .000085065, .001114155, .000031938, .236119027, .001948004, .000000000
 26.000000000, .264261873, .496389058, .001145280, .000085797, .001123178, .000032207, .235012685, .001949922, .000000000
 27.000000000, .264180130, .497546594, .001155702, .000086545, .001132443, .000032482, .233914248, .001951856, .000000000
 28.000000000, .264097752, .498696324, .001166374, .000087311, .001141953, .000032762, .232823718, .001953807, .000000000
 29.000000000, .264014722, .499838255, .001177300, .000088094, .001151710, .000033049, .231741096, .001955775, .000000000
 30.000000000, .263931024, .500972392, .001188486, .000088895, .001161715, .000033342, .230666385, .001957761, .000000000
 31.000000000, .263846641, .502098742, .001199935, .000089715, .001171973, .000033642, .229599587, .001959765, .000000000
 32.000000000, .263761555, .503217309, .001211653, .000090554, .001182487, .000033948, .228540706, .001961788, .000000000
 33.000000000, .263675750, .504328097, .001223643, .000091413, .001193260, .000034262, .227489745, .001963829, .000000000
 34.000000000, .263589208, .505431110, .001235910, .000092293, .001204296, .000034583, .226446710, .001965890, .000000000
 35.000000000, .263501911, .506526349, .001248460, .000093192, .001215598, .000034912, .225411607, .001967970, .000000000
 36.000000000, .263413841, .507613818, .001261296, .000094112, .001227171, .000035248, .224384442, .001970071, .000000000
 37.000000000, .263324980, .508693517, .001274423, .000095054, .001239019, .000035592, .223365221, .001972193, .000000000
 38.000000000, .263235310, .509765448, .001287847, .000096017, .001251145, .000035944, .222353953, .001974336, .000000000
 39.000000000, .263144811, .510829609, .001301572, .000097002, .001263555, .000036305, .221350646, .001976500, .000000000
 40.000000000, .263053464, .511886000, .001315603, .000098010, .001276253, .000036673, .220355311, .001978687, .000000000
 41.000000000, .262961250, .512934619, .001329946, .000099040, .001289243, .000037050, .219367956, .001980896, .000000000
 42.000000000, .262868149, .513975463, .001344606, .000100093, .001302530, .000037435, .218388594, .001983129, .000000000
 43.000000000, .262774142, .515008530, .001359588, .000101170, .001316119, .000037829, .217417236, .001985386, .000000000
 44.000000000, .262679208, .516033814, .001374898, .000102271, .001330016, .000038232, .216453895, .001987666, .000000000
 45.000000000, .262583326, .517051312, .001390541, .000103396, .001344224, .000038644, .215498584, .001989972, .000000000
 46.000000000, .262486476, .518061017, .001406524, .000104546, .001358750, .000039065, .214551319, .001992303, .000000000
 47.000000000, .262388636, .519062922, .001422852, .000105721, .001373598, .000039495, .213612116, .001994659, .000000000
 48.000000000, .262289785, .520057020, .001439531, .000106922, .001388775, .000039935, .212680989, .001997043, .000000000
 49.000000000, .262189900, .521043302, .001456568, .000108149, .001404286, .000040385, .211757958, .001999453, .000000000
 50.000000000, .262088960, .522021759, .001473968, .000109402, .001420136, .000040844, .210843040, .002001891, .000000000
 51.000000000, .261986942, .522992381, .001491739, .000110682, .001436331, .000041313, .209936254, .002004357, .000000000
 52.000000000, .261883822, .523955157, .001509886, .000111990, .001452878, .000041792, .209037622, .002006852, .000000000
 53.000000000, .261779578, .524910074, .001528417, .000113326, .001469782, .000042282, .208147164, .002009377, .000000000
 54.000000000, .261674186, .525857119, .001547338, .000114690, .001487050, .000042782, .207264903, .002011932, .000000000
 55.000000000, .261567622, .526796278, .001566656, .000116083, .001504688, .000043293, .206390863, .002014517, .000000000
 56.000000000, .261459860, .527727536, .001586379, .000117506, .001522703, .000043814, .205525069, .002017134, .000000000
 57.000000000, .261350877, .528650877, .001606513, .000118958, .001541100, .000044347, .204667545, .002019783, .000000000
 58.000000000, .261240647, .529566284, .001627065, .000120441, .001559888, .000044891, .203818319, .002022464, .000000000
 59.000000000, .261129143, .530473739, .001648045, .000121955, .001579073, .000045447, .202977419, .002025179, .000000000
 60.000000000, .261016341, .531373222, .001669458, .000123501, .001598661, .000046014, .202144874, .002027929, .000000000
 61.000000000, .260902213, .532264713, .001691313, .000125079, .001618661, .000046593, .201320715, .002030713, .000000000
 62.000000000, .260786733, .533148192, .001713619, .000126689, .001639079, .000047184, .200504973, .002033532, .000000000
 63.000000000, .260669873, .534023635, .001736382, .000128333, .001659923, .000047787, .199697680, .002036388, .000000000
 64.000000000, .260551604, .534891019, .001759611, .000130011, .001681200, .000048403, .198898871, .002039281, .000000000
 65.000000000, .260431900, .535750319, .001783314, .000131724, .001702919, .000049032, .198108581, .002042212, .000000000
 66.000000000, .260310730, .536601510, .001807501, .000133471, .001725086, .000049673, .197326847, .002045181, .000000000
 67.000000000, .260188066, .537444564, .001832179, .000135255, .001747711, .000050328, .196553707, .002048190, .000000000
 68.000000000, .260063877, .538279454, .001857358, .000137075, .001770802, .000050997, .195789199, .002051239, .000000000
 69.000000000, .259938135, .539106151, .001883046, .000138932, .001794366, .000051679, .195033364, .002054329, .000000000
 70.000000000, .259810807, .539924623, .001909253, .000140826, .001818412, .000052374, .194286245, .002057461, .000000000
 71.000000000, .259681862, .540734839, .001935987, .000142759, .001842949, .000053084, .193547884, .002060635, .000000000
 72.000000000, .259551269, .541536766, .001963259, .000144732, .001867986, .000053809, .192818326, .002063853, .000000000
 73.000000000, .259418996, .542330371, .001991078, .000146744, .001893531, .000054548, .192097617, .002067116, .000000000
 74.000000000, .259285010, .543115617, .002019453, .000148796, .001919594, .000055302, .191385805, .002070424, .000000000
 75.000000000, .259149277, .543892467, .002048394, .000150890, .001946183, .000056072, .190682938, .002073778, .000000000
 76.000000000, .259011764, .544660885, .002077912, .000153026, .001973309, .000056857, .189989068, .002077179, .000000000
 77.000000000, .258872436, .545420831, .002108016, .000155205, .002000981, .000057657, .189304246, .002080629, .000000000
 78.000000000, .258731259, .546172263, .002138716, .000157427, .002029208, .000058474, .188628526, .002084127, .000000000
 79.000000000, .258588196, .546915141, .002170024, .000159693, .002058000, .000059307, .187961962, .002087676, .000000000
 80.000000000, .258443212, .547649421, .002201950, .000162005, .002087368, .000060157, .187304612, .002091276, .000000000
 81.000000000, .258296270, .548375058, .002234504, .000164362, .002117321, .000061023, .186656534, .002094928, .000000000
 82.000000000, .258147334, .549092007, .002267698, .000166766, .002147869, .000061907, .186017787, .002098633, .000000000
 83.000000000, .257996365, .549800220, .002301541, .000169217, .002179024, .000062808, .185388433, .002102392, .000000000
 84.000000000, .257843324, .550499649, .002336046, .000171716, .002210795, .000063727, .184768535, .002106207, .000000000
 85.000000000, .257688175, .551190243, .002371224, .000174265, .002243193, .000064665, .184158158, .002110077, .000000000
 86.000000000, .257530875, .551871951, .002407086, .000176863, .002276230, .000065620, .183557368, .002114006, .000000000
 87.000000000, .257371387, .552544721, .002443643, .000179513, .002309916, .000066595, .182966233, .002117992, .000000000
 88.000000000, .257209668, .553208497, .002480908, .000182214, .002344263, .000067588, .182384823, .002122039, .000000000
 89.000000000, .257045679, .553863225, .002518891, .000184967, .002379280, .000068601, .181813210, .002126146, .000000000
 90.000000000, .256879376, .554508847, .002557606, .000187774, .002414981, .000069634, .181251467, .002130316, .000000000
 91.000000000, .256710718, .555145304, .002597063, .000190635, .002451377, .000070686, .180699668, .002134548, .000000000
 92.000000000, .256539661, .555772537, .002637275, .000193552, .002488479, .000071760, .180157891, .002138846, .000000000
 93.000000000, .256366162, .556390484, .002678254, .000196524, .002526299, .000072853, .179626215, .002143209, .000000000
 94.000000000, .256190176, .556999083, .002720013, .000199554, .002564849, .000073968, .179104719, .002147639, .000000000
 95.000000000, .256011659, .557598268, .002762563, .000202641, .002604141, .000075105, .178593486, .002152137, .000000000
 96.000000000, .255830565, .558187974, .002805918, .000205787, .002644187, .000076263, .178092600, .002156705, .000000000
 97.000000000, .255646848, .558768135, .002850090, .000208994, .002684999, .000077443, .177602147, .002161343, .000000000
 98.000000000, .255460462, .559338680, .002895091, .000212260, .002726591, .000078646, .177122215, .002166054, .000000000
 99.000000000, .255271358, .559899541, .002940934, .000215589, .002768974, .000079872, .176652893, .002170839, .000000000
 100.000000000, .255079490, .560450645, .002987633, .000218981, .002812160, .000081121, .176194272, .002175699, .000000000
 101.000000000, .254884808, .560991920, .003035199, .000222436, .002856164, .000082393, .175746446, .002180635, .000000000
 102.000000000, .254687263, .561523290, .003083645, .000225955, .002900996, .000083690, .175309511, .002185649, .000000000
 103.000000000, .254486807, .562044681, .003132985, .000229541, .002946671, .000085011, .174883562, .002190742, .000000000
 104.000000000, .254283387, .562556015, .003183232, .000233193, .002993200, .000086356, .174468700, .002195916, .000000000
 105.000000000, .254076954, .563057214, .003234397, .000236912, .003040598, .000087727, .174065025, .002201173, .000000000
 106.000000000, .253867456, .563548197, .003286495, .000240701, .003088876, .000089123, .173672639, .002206513, .000000000
 107.000000000, .253654841, .564028882, .003339538, .000244558, .003138048, .000090545, .173291648, .002211939, .000000000
 108.000000000, .253439057, .564499188, .003393539, .000248487, .003188128, .000091993, .172922158, .002217451, .000000000
 109.000000000, .253220049, .564959030, .003448510, .000252486, .003239127, .000093467, .172564277, .002223052, .000000000
 110.000000000, .252997765, .565408323, .003504465, .000256559, .003291060, .000094969, .172218115, .002228744, .000000000
 111.000000000, .252772151, .565846981, .003561416, .000260705, .003343939, .000096498, .171883784, .002234527, .000000000
 112.000000000, .252543150, .566274914, .003619376, .000264925, .003397777, .000098054, .171561399, .002240403, .000000000
 113.000000000, .252310709, .566692035, .003678358, .000269221, .003452588, .000099639, .171251075, .002246375, .000000000
 114.000000000, .252074771, .567098253, .003738373, .000273593, .003508384, .000101252, .170952930, .002252444, .000000000
 115.000000000, .251835280, .567493476, .003799434, .000278043, .003565179, .000102894, .170667083, .002258611, .000000000
 116.000000000, .251592180, .567877612, .003861554, .000282571, .003622985, .000104565, .170393655, .002264878, .000000000
 117.000000000, .251345412, .568250568, .003924744, .000287179, .003681815, .000106266, .170132769, .002271247, .000000000
 118.000000000, .251094921, .568612248, .003989015, .000291867, .003741682, .000107997, .169884549, .002277721, .000000000
 119.000000000, .250840646, .568962558, .004054381, .000296636, .003802599, .000109758, .169649123, .002284300, .000000000
 120.000000000, .250582531, .569301400, .004120851, .000301487, .003864578, .000111549, .169426617, .002290986, .000000000
 121.000000000, .250320517, .569628678, .004188437, .000306421, .003927632, .000113372, .169217162, .002297782, .000000000
 122.000000000, .250054544, .569944292, .004257150, .000311439, .003991771, .000115226, .169020889, .002304689, .000000000
 123.000000000, .249784552, .570248145, .004327001, .000316542, .004057010, .000117111, .168837930, .002311709, .000000000
 124.000000000, .249510483, .570540135, .004397999, .000321731, .004123359, .000119029, .168668420, .002318844, .000000000
 125.000000000, .249232277, .570820165, .004470155, .000327006, .004190830, .000120979, .168512494, .002326096, .000000000
 126.000000000, .248949872, .571088131, .004543477, .000332368, .004259434, .000122962, .168370289, .002333467, .000000000
 127.000000000, .248663210, .571343933, .004617976, .000337819, .004329183, .000124977, .168241944, .002340958, .000000000
 128.000000000, .248372228, .571587470, .004693659, .000343358, .004400086, .000127026, .168127599, .002348573, .000000000
 129.000000000, .248076868, .571818639, .004770536, .000348987, .004472156, .000129109, .168027394, .002356312, .000000000
 130.000000000, .247777067, .572037339, .004848613, .000354706, .004545401, .000131226, .167941471, .002364179, .000000000
 131.000000000, .247472766, .572243466, .004927898, .000360516, .004619831, .000133376, .167869973, .002372174, .000000000
 132.000000000, .247163904, .572436919, .005008397, .000366417, .004695455, .000135561, .167813046, .002380300, .000000000
 133.000000000, .246850419, .572617596, .005090118, .000372411, .004772284, .000137781, .167770832, .002388559, .000000000
 134.000000000, .246532252, .572785394, .005173064, .000378497, .004850324, .000140036, .167743479, .002396953, .000000000
 135.000000000, .246209342, .572940212, .005257242, .000384677, .004929585, .000142326, .167731133, .002405485, .000000000
 136.000000000, .245881628, .573081948, .005342654, .000390950, .005010072, .000144651, .167733941, .002414155, .000000000
 137.000000000, .245549052, .573210501, .005429306, .000397317, .005091794, .000147011, .167752051, .002422967, .000000000
 138.000000000, .245211552, .573325773, .005517198, .000403779, .005174757, .000149408, .167785611, .002431923, .000000000
 139.000000000, .244869069, .573427662, .005606335, .000410336, .005258966, .000151840, .167834768, .002441024, .000000000
 140.000000000, .244521545, .573516072, .005696715, .000416987, .005344426, .000154309, .167899673, .002450273, .000000000
 141.000000000, .244168922, .573590905, .005788340, .000423734, .005431142, .000156813, .167980472, .002459672, .000000000
 142.000000000, .243811140, .573652064, .005881209, .000430576, .005519118, .000159354, .168077316, .002469223, .000000000
 143.000000000, .243448143, .573699456, .005975320, .000437514, .005608356, .000161931, .168190352, .002478928, .000000000
 144.000000000, .243079875, .573732987, .006070672, .000444548, .005698858, .000164544, .168319728, .002488789, .000000000
 145.000000000, .242706278, .573752565, .006167259, .000451676, .005790627, .000167194, .168465591, .002498809, .000000000
 146.000000000, .242327299, .573758102, .006265078, .000458901, .005883662, .000169880, .168628089, .002508990, .000000000
 147.000000000, .241942882, .573749510, .006364124, .000466220, .005977962, .000172602, .168807367, .002519334, .000000000
 148.000000000, .241552974, .573726704, .006464388, .000473634, .006073528, .000175361, .169003570, .002529842, .000000000
 149.000000000, .241157523, .573689601, .006565863, .000481143, .006170355, .000178156, .169216841, .002540517, .000000000
 150.000000000, .240756478, .573638121, .006668540, .000488746, .006268442, .000180987, .169447324, .002551362, .000000000
 151.000000000, .240349788, .573572186, .006772409, .000496442, .006367783, .000183854, .169695160, .002562378, .000000000
 152.000000000, .239937405, .573491722, .006877457, .000504231, .006468373, .000186757, .169960486, .002573568, .000000000
 153.000000000, .239519282, .573396659, .006983671, .000512113, .006570206, .000189696, .170243441, .002584933, .000000000
 154.000000000, .239095372, .573286927, .007091038, .000520086, .006673273, .000192670, .170544158, .002596475, .000000000
 155.000000000, .238665630, .573162464, .007199541, .000528150, .006777566, .000195679, .170862772, .002608198, .000000000
 156.000000000, .238230015, .573023208, .007309163, .000536303, .006883075, .000198723, .171199412, .002620102, .000000000
 157.000000000, .237788484, .572869103, .007419885, .000544545, .006989787, .000201801, .171554206, .002632190, .000000000
 158.000000000, .237340998, .572700098, .007531687, .000552874, .007097691, .000204913, .171927277, .002644463, .000000000
 159.000000000, .236887519, .572516144, .007644547, .000561288, .007206771, .000208059, .172318746, .002656925, .000000000
 160.000000000, .236428013, .572317199, .007758442, .000569788, .007317013, .000211238, .172728731, .002669575, .000000000
 161.000000000, .235962445, .572103225, .007873346, .000578370, .007428400, .000214450, .173157346, .002682418, .000000000
 162.000000000, .235490784, .571874189, .007989233, .000587034, .007540912, .000217694, .173604701, .002695454, .000000000
 163.000000000, .235013000, .571630064, .008106075, .000595777, .007654530, .000220969, .174070900, .002708685, .000000000
 164.000000000, .234529068, .571370828, .008223842, .000604597, .007769232, .000224276, .174556044, .002722113, .000000000
 165.000000000, .234038962, .571096466, .008342501, .000613494, .007884995, .000227612, .175060230, .002735740, .000000000
 166.000000000, .233542661, .570806967, .008462020, .000622463, .008001794, .000230978, .175583549, .002749567, .000000000
 167.000000000, .233040146, .570502328, .008582363, .000631504, .008119604, .000234372, .176126085, .002763597, .000000000
 168.000000000, .232531400, .570182553, .008703494, .000640613, .008238395, .000237795, .176687920, .002777830, .000000000
 169.000000000, .232016409, .569847652, .008825373, .000649789, .008358139, .000241244, .177269126, .002792268, .000000000
 170.000000000, .231495163, .569497641, .008947959, .000659028, .008478803, .000244719, .177869772, .002806914, .000000000
 171.000000000, .230967654, .569132546, .009071212, .000668327, .008600355, .000248220, .178489919, .002821767, .000000000
 172.000000000, .230433877, .568752398, .009195085, .000677685, .008722760, .000251744, .179129622, .002836830, .000000000
 173.000000000, .229893831, .568357236, .009319533, .000687096, .008845981, .000255291, .179788927, .002852104, .000000000
 174.000000000, .229347518, .567947110, .009444509, .000696559, .008969978, .000258860, .180467874, .002867590, .000000000
 175.000000000, .228794943, .567522074, .009569963, .000706070, .009094714, .000262450, .181166497, .002883289, .000000000
 176.000000000, .228236115, .567082192, .009695842, .000715626, .009220144, .000266059, .181884819, .002899203, .000000000
 177.000000000, .227671046, .566627539, .009822095, .000725222, .009346225, .000269686, .182622856, .002915332, .000000000
 178.000000000, .227099751, .566158195, .009948665, .000734855, .009472911, .000273330, .183380615, .002931677, .000000000
 179.000000000, .226522251, .565674251, .010075497, .000744521, .009600155, .000276989, .184158096, .002948239, .000000000
 180.000000000, .225938569, .565175808, .010202531, .000754217, .009727908, .000280662, .184955286, .002965019, .000000000
 181.000000000, .225348731, .564662975, .010329708, .000763937, .009856118, .000284347, .185772167, .002982018, .000000000
 182.000000000, .224752769, .564135870, .010456965, .000773677, .009984732, .000288043, .186608708, .002999236, .000000000
 183.000000000, .224150718, .563594623, .010584239, .000783433, .010113696, .000291749, .187464869, .003016673, .000000000
 184.000000000, .223542617, .563039372, .010711466, .000793201, .010242953, .000295462, .188340600, .003034330, .000000000
 185.000000000, .222928509, .562470266, .010838578, .000802976, .010372445, .000299180, .189235840, .003052207, .000000000
 186.000000000, .222308441, .561887463, .010965508, .000812752, .010502112, .000302903, .190150518, .003070304, .000000000
 187.000000000, .221682466, .561291132, .011092186, .000822525, .010631892, .000306628, .191084550, .003088622, .000000000
 188.000000000, .221050637, .560681454, .011218541, .000832290, .010761722, .000310354, .192037843, .003107160, .000000000
 189.000000000, .220413017, .560058617, .011344501, .000842042, .010891538, .000314078, .193010290, .003125917, .000000000
 190.000000000, .219769668, .559422822, .011469994, .000851774, .011021272, .000317799, .194001775, .003144895, .000000000
 191.000000000, .219120659, .558774281, .011594945, .000861483, .011150859, .000321514, .195012168, .003164092, .000000000
 192.000000000, .218466063, .558113214, .011719277, .000871162, .011280227, .000325222, .196041326, .003183508, .000000000
 193.000000000, .217805957, .557439855, .011842916, .000880806, .011409307, .000328921, .197089096, .003203142, .000000000
 194.000000000, .217140423, .556754446, .011965784, .000890409, .011538026, .000332607, .198155311, .003222993, .000000000
 195.000000000, .216469546, .556057241, .012087802, .000899966, .011666312, .000336281, .199239791, .003243061, .000000000
 196.000000000, .215793417, .555348504, .012208893, .000909470, .011794090, .000339938, .200342344, .003263344, .000000000
 197.000000000, .215112130, .554628510, .012328977, .000918915, .011921285, .000343577, .201462764, .003283841, .000000000
 198.000000000, .214425783, .553897544, .012447975, .000928297, .012047822, .000347197, .202600832, .003304551, .000000000
 199.000000000, .213734480, .553155903, .012565806, .000937608, .012173621, .000350793, .203756316, .003325473, .000000000
 200.000000000, .213038327, .552403894, .012682391, .000946842, .012298606, .000354365, .204928971, .003346604, .000000000
 201.000000000, .212337435, .551641831, .012797649, .000955995, .012422699, .000357910, .206118538, .003367944, .000000000
 202.000000000, .211631920, .550870043, .012911501, .000965058, .012545819, .000361425, .207324745, .003389489, .000000000
 203.000000000, .210921902, .550088865, .013023866, .000974027, .012667887, .000364909, .208547305, .003411239, .000000000
 204.000000000, .210207502, .549298645, .013134664, .000982896, .012788823, .000368358, .209785920, .003433191, .000000000
 205.000000000, .209488849, .548499738, .013243817, .000991657, .012908547, .000371772, .211040277, .003455343, .000000000
 206.000000000, .208766072, .547692509, .013351246, .001000305, .013026978, .000375146, .212310050, .003477693, .000000000
 207.000000000, .208039308, .546877333, .013456873, .001008835, .013144036, .000378480, .213594898, .003500237, .000000000
 208.000000000, .207308692, .546054594, .013560621, .001017239, .013259640, .000381770, .214894470, .003522974, .000000000
 209.000000000, .206574368, .545224682, .013662413, .001025512, .013373711, .000385015, .216208399, .003545900, .000000000
 210.000000000, .205836479, .544387999, .013762175, .001033648, .013486169, .000388212, .217536306, .003569013, .000000000
 211.000000000, .205095175, .543544952, .013859833, .001041640, .013596933, .000391359, .218877799, .003592308, .000000000
 212.000000000, .204350605, .542695958, .013955314, .001049484, .013705927, .000394453, .220232475, .003615784, .000000000
 213.000000000, .203602924, .541841439, .014048549, .001057173, .013813072, .000397492, .221599915, .003639437, .000000000
 214.000000000, .202852289, .540981824, .014139466, .001064702, .013918290, .000400475, .222979690, .003663264, .000000000
 215.000000000, .202098858, .540117552, .014228001, .001072066, .014021507, .000403398, .224371359, .003687260, .000000000
 216.000000000, .201342795, .539249063, .014314085, .001079258, .014122647, .000406260, .225774469, .003711421, .000000000
 217.000000000, .200584264, .538376808, .014397658, .001086273, .014221638, .000409059, .227188556, .003735746, .000000000
 218.000000000, .199823430, .537501238, .014478656, .001093107, .014318406, .000411792, .228613144, .003760228, .000000000
 219.000000000, .199060462, .536622813, .014557021, .001099754, .014412882, .000414458, .230047747, .003784864, .000000000
 220.000000000, .198295530, .535741994, .014632697, .001106209, .014504997, .000417054, .231491867, .003809650, .000000000
 221.000000000, .197528806, .534859250, .014705629, .001112469, .014594684, .000419579, .232945000, .003834582, .000000000
 222.000000000, .196760464, .533975050, .014775767, .001118527, .014681879, .000422031, .234406627, .003859655, .000000000
 223.000000000, .195990677, .533089867, .014843061, .001124380, .014766518, .000424409, .235876224, .003884864, .000000000
 224.000000000, .195219621, .532204177, .014907466, .001130024, .014848540, .000426709, .237353258, .003910206, .000000000
 225.000000000, .194447472, .531318457, .014968938, .001135454, .014927888, .000428931, .238837185, .003935674, .000000000
 226.000000000, .193674409, .530433185, .015027437, .001140668, .015004506, .000431074, .240327456, .003961266, .000000000
 227.000000000, .192900607, .529548842, .015082928, .001145661, .015078339, .000433134, .241823515, .003986974, .000000000
 228.000000000, .192126244, .528665908, .015135375, .001150430, .015149338, .000435113, .243324797, .004012796, .000000000
 229.000000000, .191351500, .527784862, .015184749, .001154971, .015217455, .000437007, .244830732, .004038725, .000000000
 230.000000000, .190576550, .526906184, .015231021, .001159283, .015282644, .000438815, .246340746, .004064756, .000000000
 231.000000000, .189801573, .526030353, .015274169, .001163363, .015344862, .000440537, .247854257, .004090885, .000000000
 232.000000000, .189026746, .525157845, .015314171, .001167207, .015404071, .000442172, .249370682, .004117106, .000000000
 233.000000000, .188252244, .524289133, .015351009, .001170815, .015460235, .000443718, .250889433, .004143413, .000000000
 234.000000000, .187478242, .523424691, .015384671, .001174183, .015513320, .000445174, .252409916, .004169802, .000000000
 235.000000000, .186704916, .522564985, .015415145, .001177311, .015563296, .000446540, .253931539, .004196267, .000000000
 236.000000000, .185932437, .521710482, .015442424, .001180197, .015610136, .000447815, .255453705, .004222803, .000000000
 237.000000000, .185160978, .520861640, .015466505, .001182840, .015653818, .000448999, .256975817, .004249404, .000000000
 238.000000000, .184390707, .520018917, .015487387, .001185239, .015694320, .000450090, .258497276, .004276064, .000000000
 239.000000000, .183621793, .519182761, .015505073, .001187393, .015731627, .000451088, .260017485, .004302779, .000000000
 240.000000000, .182854401, .518353619, .015519570, .001189303, .015765724, .000451994, .261535845, .004329543, .000000000
 241.000000000, .182088696, .517531929, .015530888, .001190967, .015796602, .000452807, .263051761, .004356349, .000000000
 242.000000000, .181324839, .516718124, .015539039, .001192387, .015824253, .000453526, .264564638, .004383194, .000000000
 243.000000000, .180562989, .515912628, .015544039, .001193562, .015848675, .000454152, .266073884, .004410070, .000000000
 244.000000000, .179803301, .515115860, .015545909, .001194494, .015869867, .000454685, .267578910, .004436973, .000000000
 245.000000000, .179045931, .514328229, .015544671, .001195183, .015887833, .000455125, .269079130, .004463897, .000000000
 246.000000000, .178291027, .513550138, .015540351, .001195630, .015902580, .000455472, .270573964, .004490837, .000000000
 247.000000000, .177538739, .512781980, .015532976, .001195837, .015914117, .000455727, .272062835, .004517788, .000000000
 248.000000000, .176789210, .512024140, .015522580, .001195806, .015922458, .000455890, .273545173, .004544743, .000000000
 249.000000000, .176042582, .511276993, .015509195, .001195538, .015927618, .000455962, .275020414, .004571697, .000000000
 250.000000000, .175298993, .510540905, .015492860, .001195036, .015929618, .000455942, .276488000, .004598646, .000000000
 251.000000000, .174558576, .509816232, .015473614, .001194301, .015928481, .000455833, .277947379, .004625583, .000000000
 252.000000000, .173821464, .509103320, .015451499, .001193337, .015924231, .000455635, .279398010, .004652504, .000000000
 253.000000000, .173087782, .508402505, .015426560, .001192146, .015916898, .000455348, .280839357, .004679404, .000000000
 254.000000000, .172357654, .507714112, .015398844, .001190731, .015906513, .000454974, .282270895, .004706277, .000000000
 255.000000000, .171631200, .507038455, .015368401, .001189096, .015893110, .000454513, .283692106, .004733118, .000000000
 256.000000000, .170908535, .506375839, .015335281, .001187243, .015876727, .000453968, .285102484, .004759923, .000000000
 257.000000000, .170189772, .505726554, .015299538, .001185177, .015857402, .000453339, .286501532, .004786686, .000000000
 258.000000000, .169475018, .505090883, .015261227, .001182901, .015835178, .000452627, .287888764, .004813402, .000000000
 259.000000000, .168764377, .504469094, .015220406, .001180418, .015810100, .000451833, .289263703, .004840068, .000000000
 260.000000000, .168057949, .503861447, .015177132, .001177734, .015782213, .000450960, .290625887, .004866677, .000000000
 261.000000000, .167355829, .503268187, .015131466, .001174851, .015751568, .000450009, .291974863, .004893227, .000000000
 262.000000000, .166658109, .502689549, .015083470, .001171775, .015718216, .000448981, .293310191, .004919711, .000000000
 263.000000000, .165964876, .502125756, .015033205, .001168509, .015682208, .000447877, .294631442, .004946127, .000000000
 264.000000000, .165276214, .501577020, .014980736, .001165059, .015643601, .000446700, .295938201, .004972469, .000000000
 265.000000000, .164592202, .501043539, .014926128, .001161429, .015602451, .000445451, .297230067, .004998733, .000000000
 266.000000000, .163912915, .500525502, .014869446, .001157624, .015558816, .000444131, .298506650, .005024916, .000000000
 267.000000000, .163238424, .500023085, .014810757, .001153648, .015512755, .000442744, .299767573, .005051013, .000000000
 268.000000000, .162568796, .499536450, .014750129, .001149507, .015464331, .000441290, .301012475, .005077021, .000000000
 269.000000000, .161904094, .499065752, .014687628, .001145206, .015413606, .000439771, .302241008, .005102936, .000000000
 270.000000000, .161244378, .498611130, .014623322, .001140749, .015360643, .000438189, .303452836, .005128754, .000000000
 271.000000000, .160589701, .498172714, .014557282, .001136142, .015305506, .000436546, .304647638, .005154471, .000000000
 272.000000000, .159940116, .497750622, .014489574, .001131389, .015248262, .000434844, .305825109, .005180085, .000000000
 273.000000000, .159295668, .497344959, .014420268, .001126497, .015188976, .000433085, .306984955, .005205592, .000000000
 274.000000000, .158656402, .496955822, .014349432, .001121470, .015127716, .000431271, .308126899, .005230989, .000000000
 275.000000000, .158022357, .496583293, .014277136, .001116313, .015064548, .000429403, .309250676, .005256272, .000000000
 276.000000000, .157393569, .496227447, .014203446, .001111033, .014999542, .000427485, .310356038, .005281440, .000000000
 277.000000000, .156770070, .495888346, .014128432, .001105633, .014932765, .000425517, .311442748, .005306489, .000000000
 278.000000000, .156151888, .495566041, .014052162, .001100120, .014864286, .000423502, .312510586, .005331416, .000000000
 279.000000000, .155539049, .495260573, .013974702, .001094498, .014794174, .000421442, .313559344, .005356219, .000000000
 280.000000000, .154931574, .494971974, .013896119, .001088772, .014722497, .000419339, .314588830, .005380895, .000000000
 281.000000000, .154329481, .494700266, .013816479, .001082949, .014649323, .000417194, .315598865, .005405443, .000000000
 282.000000000, .153732786, .494445458, .013735848, .001077033, .014574723, .000415011, .316589284, .005429859, .000000000
 283.000000000, .153141499, .494207552, .013654290, .001071028, .014498762, .000412790, .317559936, .005454142, .000000000
 284.000000000, .152555630, .493986541, .013571868, .001064941, .014421511, .000410533, .318510684, .005478290, .000000000
 285.000000000, .151975184, .493782408, .013488647, .001058777, .014343035, .000408244, .319441404, .005502301, .000000000
 286.000000000, .151400163, .493595126, .013404687, .001052539, .014263402, .000405923, .320351986, .005526173, .000000000
 287.000000000, .150830568, .493424662, .013320049, .001046234, .014182679, .000403572, .321242332, .005549905, .000000000
 288.000000000, .150266395, .493270970, .013234794, .001039865, .014100930, .000401194, .322112357, .005573495, .000000000
 289.000000000, .149707639, .493134001, .013148980, .001033438, .014018221, .000398790, .322961991, .005596941, .000000000
 290.000000000, .149154290, .493013695, .013062664, .001026958, .013934616, .000396362, .323791174, .005620242, .000000000
 291.000000000, .148606338, .492909984, .012975903, .001020428, .013850178, .000393912, .324599860, .005643397, .000000000
 292.000000000, .148063770, .492822794, .012888752, .001013854, .013764970, .000391441, .325388014, .005666406, .000000000
 293.000000000, .147526569, .492752042, .012801265, .001007240, .013679053, .000388952, .326155613, .005689266, .000000000
 294.000000000, .146994718, .492697641, .012713495, .001000590, .013592487, .000386447, .326902646, .005711977, .000000000
 295.000000000, .146468197, .492659493, .012625492, .000993908, .013505332, .000383925, .327629113, .005734539, .000000000
 296.000000000, .145946982, .492637498, .012537308, .000987199, .013417646, .000381391, .328335026, .005756949, .000000000
 297.000000000, .145431051, .492631546, .012448990, .000980467, .013329486, .000378844, .329020407, .005779209, .000000000
 298.000000000, .144920376, .492641523, .012360587, .000973716, .013240907, .000376287, .329685287, .005801317, .000000000
 299.000000000, .144414931, .492667308, .012272143, .000966949, .013151965, .000373722, .330329709, .005823273, .000000000
 300.000000000, .143914683, .492708776, .012183705, .000960171, .013062713, .000371149, .330953727, .005845077, .000000000
 301.000000000, .143419604, .492765797, .012095314, .000953384, .012973203, .000368570, .331557402, .005866727, .000000000
 302.000000000, .142929659, .492838233, .012007013, .000946593, .012883485, .000365987, .332140806, .005888225, .000000000
 303.000000000, .142444813, .492925944, .011918843, .000939801, .012793610, .000363400, .332704019, .005909570, .000000000
 304.000000000, .141965032, .493028784, .011830842, .000933012, .012703626, .000360812, .333247130, .005930762, .000000000
 305.000000000, .141490278, .493146604, .011743049, .000926228, .012613579, .000358224, .333770238, .005951800, .000000000
 306.000000000, .141020511, .493279250, .011655499, .000919453, .012523515, .000355637, .334273448, .005972686, .000000000
 307.000000000, .140555693, .493426565, .011568229, .000912689, .012433479, .000353052, .334756874, .005993419, .000000000
 308.000000000, .140095782, .493588386, .011481272, .000905941, .012343512, .000350470, .335220636, .006014000, .000000000
 309.000000000, .139640737, .493764549, .011394661, .000899210, .012253657, .000347893, .335664864, .006034429, .000000000
 310.000000000, .139190515, .493954886, .011308426, .000892499, .012163954, .000345322, .336089692, .006054706, .000000000
 311.000000000, .138745071, .494159226, .011222597, .000885812, .012074442, .000342757, .336495263, .006074831, .000000000
 312.000000000, .138304362, .494377395, .011137204, .000879149, .011985157, .000340200, .336881725, .006094806, .000000000
 313.000000000, .137868342, .494609217, .011052274, .000872515, .011896137, .000337652, .337249232, .006114631, .000000000
 314.000000000, .137436964, .494854512, .010967833, .000865911, .011807415, .000335114, .337597945, .006134306, .000000000
 315.000000000, .137010182, .495113099, .010883906, .000859339, .011719027, .000332586, .337928029, .006153833, .000000000
 316.000000000, .136587948, .495384796, .010800516, .000852803, .011631002, .000330070, .338239655, .006173211, .000000000
 317.000000000, .136170215, .495669416, .010717687, .000846302, .011543374, .000327566, .338532999, .006192442, .000000000
 318.000000000, .135756934, .495966773, .010635439, .000839841, .011456170, .000325075, .338808241, .006211526, .000000000
 319.000000000, .135348056, .496276680, .010553794, .000833420, .011369420, .000322599, .339065567, .006230465, .000000000
 320.000000000, .134943531, .496598945, .010472771, .000827041, .011283151, .000320137, .339305165, .006249259, .000000000
 321.000000000, .134543311, .496933378, .010392387, .000820706, .011197389, .000317690, .339527229, .006267909, .000000000
 322.000000000, .134147345, .497279788, .010312661, .000814416, .011112158, .000315260, .339731955, .006286417, .000000000
 323.000000000, .133755583, .497637980, .010233608, .000808174, .011027482, .000312846, .339919544, .006304782, .000000000
 324.000000000, .133367974, .498007762, .010155244, .000801980, .010943384, .000310450, .340090198, .006323007, .000000000
 325.000000000, .132984469, .498388938, .010077583, .000795837, .010859885, .000308072, .340244124, .006341092, .000000000
 326.000000000, .132605016, .498781315, .010000638, .000789744, .010777005, .000305712, .340381530, .006359039, .000000000
 327.000000000, .132229565, .499184697, .009924422, .000783703, .010694763, .000303372, .340502629, .006376848, .000000000
 328.000000000, .131858065, .499598888, .009848947, .000777717, .010613177, .000301050, .340607634, .006394522, .000000000
 329.000000000, .131490465, .500023693, .009774222, .000771784, .010532265, .000298749, .340696761, .006412060, .000000000
 330.000000000, .131126714, .500458916, .009700259, .000765907, .010452043, .000296468, .340770228, .006429464, .000000000
 331.000000000, .130766762, .500904361, .009627066, .000760087, .010372525, .000294208, .340828254, .006446736, .000000000
 332.000000000, .130410558, .501359834, .009554652, .000754324, .010293726, .000291969, .340871059, .006463877, .000000000
 333.000000000, .130058052, .501825139, .009483024, .000748619, .010215660, .000289752, .340898867, .006480888, .000000000
 334.000000000, .129709192, .502300081, .009412190, .000742973, .010138338, .000287556, .340911901, .006497770, .000000000
 335.000000000, .129363930, .502784466, .009342154, .000737386, .010061772, .000285383, .340910384, .006514525, .000000000
 336.000000000, .129022214, .503278102, .009272924, .000731859, .009985972, .000283232, .340894543, .006531153, .000000000
 337.000000000, .128683995, .503780794, .009204505, .000726393, .009910949, .000281104, .340864603, .006547658, .000000000
 338.000000000, .128349223, .504292350, .009136899, .000720989, .009836712, .000278998, .340820790, .006564039, .000000000
 339.000000000, .128017850, .504812580, .009070111, .000715645, .009763269, .000276916, .340763331, .006580298, .000000000
 340.000000000, .127689826, .505341292, .009004145, .000710364, .009690627, .000274857, .340692453, .006596436, .000000000
 341.000000000, .127365101, .505878297, .008939003, .000705145, .009618794, .000272821, .340608382, .006612456, .000000000
 342.000000000, .127043629, .506423407, .008874687, .000699989, .009547775, .000270810, .340511346, .006628358, .000000000
 343.000000000, .126725360, .506976433, .008811199, .000694896, .009477576, .000268821, .340401571, .006644143, .000000000
 344.000000000, .126410247, .507537190, .008748539, .000689866, .009408202, .000266857, .340279284, .006659814, .000000000
 345.000000000, .126098242, .508105493, .008686709, .000684900, .009339658, .000264917, .340144711, .006675371, .000000000
 346.000000000, .125789299, .508681156, .008625709, .000679997, .009271947, .000263001, .339998076, .006690816, .000000000
 347.000000000, .125483370, .509263999, .008565538, .000675157, .009205071, .000261109, .339839605, .006706151, .000000000
 348.000000000, .125180409, .509853839, .008506196, .000670381, .009139034, .000259241, .339669522, .006721376, .000000000
 349.000000000, .124880371, .510450497, .008447683, .000665669, .009073838, .000257397, .339488050, .006736494, .000000000
 350.000000000, .124583210, .511053793, .008389996, .000661021, .009009485, .000255578, .339295411, .006751506, .000000000
 351.000000000, .124288881, .511663551, .008333135, .000656436, .008945974, .000253783, .339091827, .006766413, .000000000
 352.000000000, .123997339, .512279596, .008277097, .000651915, .008883308, .000252012, .338877517, .006781216, .000000000
 353.000000000, .123708540, .512901753, .008221880, .000647457, .008821487, .000250266, .338652701, .006795917, .000000000
 354.000000000, .123422440, .513529849, .008167481, .000643063, .008760509, .000248543, .338417597, .006810518, .000000000
 355.000000000, .123138996, .514163713, .008113898, .000638732, .008700375, .000246845, .338172420, .006825020, .000000000
 356.000000000, .122858165, .514803177, .008061128, .000634465, .008641083, .000245172, .337917386, .006839424, .000000000
 357.000000000, .122579905, .515448072, .008009168, .000630260, .008582633, .000243522, .337652710, .006853731, .000000000
 358.000000000, .122304173, .516098233, .007958013, .000626118, .008525022, .000241896, .337378602, .006867944, .000000000
 359.000000000, .122030928, .516753493, .007907660, .000622038, .008468248, .000240294, .337095274, .006882064, .000000000
 360.000000000, .121760129, .517413692, .007858106, .000618021, .008412311, .000238717, .336802934, .006896091, .000000000
