"time","L","S","E","I_S","I_A","H","R","D","V","YIS","YIH","Vcon","XMAY"
"t","CL","CS","CE","CIS","CIA","CH","CR","CD","CV"
0.,0.266260097,0.463606046,0.00067033,0.00009283,0.00120986,0.000134158,0.266125939,0.00190074,0.
1.,0.325104947,0.4060127,0.000763243,0.000082942,0.001137609,0.000092978,0.264901589,0.001903993,0.
2.,0.396959628,0.335415999,0.000827531,0.000077254,0.001088761,0.000067436,0.263656804,0.001906587,0.
3.,0.48469911,0.248936669,0.000872094,0.000074168,0.001055939,0.000051663,0.262401574,0.001908781,0.
4.,0.590828087,0.144067266,0.000902893,0.000072657,0.001034062,0.000041987,0.261142314,0.001910735,0.
5.,0.7141074,0.022045198,0.000923942,0.000072067,0.001019605,0.000036107,0.259883133,0.001912548,0.
6.,0.863110311,-0.125703775,0.000937866,0.000071983,0.001010108,0.00003258,0.258626645,0.001914281,0.
7.,1.04320372,-0.30454697,0.000946322,0.000072146,0.001003822,0.000030502,0.257374487,0.00191597,0.
8.,1.233372704,-0.493469459,0.0009503,0.000072389,0.000999472,0.000029306,0.256127652,0.001917637,0.
9.,1.307934342,-0.56678963,0.000951848,0.000072618,0.000996189,0.000028635,0.254886706,0.001919292,0.
10.,1.387003876,-0.644623453,0.000952058,0.000072803,0.000993546,0.000028269,0.253651957,0.001920943,0.
11.,1.470853755,-0.727243348,0.000951175,0.000072931,0.000991252,0.000028077,0.252423566,0.001922592,0.
12.,1.527079807,-0.782245067,0.000949356,0.000072996,0.000989094,0.000027978,0.251201597,0.00192424,0.
13.,1.428030004,-0.681978259,0.000948361,0.000073012,0.000987014,0.000027924,0.249986056,0.001925888,0.
14.,1.335405904,-0.58814526,0.000948744,0.000073018,0.000985215,0.000027894,0.24877695,0.001927535,0.
15.,1.248790497,-0.500328993,0.000950232,0.000073043,0.000983847,0.000027878,0.247574313,0.001929182,0.
16.,1.144739009,-0.395084652,0.000952634,0.000073102,0.000983002,0.000027876,0.2463782,0.001930829,0.
17.,0.950910213,-0.200072166,0.000956893,0.000073212,0.000982803,0.000027887,0.245188679,0.001932478,0.
18.,0.789901904,-0.037889629,0.000962957,0.000073401,0.000983466,0.000027918,0.244005855,0.001934129,0.
19.,0.656156529,0.09702077,0.000970303,0.000073678,0.000985098,0.000027972,0.242829864,0.001935785,0.
20.,0.54958817,0.204745123,0.000978582,0.000074042,0.000987725,0.000028055,0.241660855,0.001937448,0.
21.,0.479895271,0.275585332,0.000987348,0.000074485,0.000991305,0.000028168,0.240498973,0.001939118,0.
22.,0.419040534,0.337578811,0.000996449,0.000074993,0.000995751,0.000028309,0.239344353,0.001940799,0.
23.,0.365903121,0.391846378,0.001005883,0.000075556,0.001000982,0.000028477,0.238197113,0.001942491,0.
24.,0.330214254,0.428656791,0.001015645,0.000076166,0.00100693,0.000028667,0.237057352,0.001944195,0.
25.,0.352593254,0.407391313,0.001025171,0.000076812,0.0010135,0.000028879,0.235925158,0.001945913,0.
26.,0.376487658,0.38460268,0.00103431,0.000077478,0.001020534,0.000029106,0.234800591,0.001947645,0.
27.,0.401999993,0.360188353,0.001043177,0.00007815,0.001027909,0.000029345,0.233683682,0.001949392,0.
28.,0.412642904,0.350635702,0.001051847,0.000078823,0.001035536,0.000029591,0.232574445,0.001951154,0.
29.,0.349379301,0.41498092,0.001061227,0.0000795,0.001043404,0.000029842,0.231472876,0.00195293,0.
30.,0.295815308,0.469617524,0.001071537,0.000080199,0.001051625,0.000030097,0.230378988,0.001954723,0.
31.,0.250463846,0.516032667,0.001082582,0.000080932,0.001060275,0.00003036,0.229292807,0.001956531,0.
32.,0.213753929,0.553797385,0.001094227,0.000081703,0.001069394,0.000030633,0.228214375,0.001958355,0.
33.,0.189842417,0.578754932,0.001106298,0.000082512,0.00107899,0.000030917,0.227143737,0.001960198,0.
34.,0.168606137,0.601028515,0.00111873,0.000083357,0.00108905,0.000031215,0.226080938,0.001962058,0.
35.,0.149745815,0.620917386,0.001131521,0.000084235,0.00109956,0.000031525,0.22502602,0.001963937,0.
36.,0.132669165,0.639013804,0.00114467,0.000085146,0.001110507,0.000031849,0.223979022,0.001965837,0.
37.,0.116106597,0.656587316,0.001158194,0.000086088,0.001121882,0.000032184,0.222939983,0.001967756,0.
38.,0.101612316,0.672083683,0.001172095,0.00008706,0.001133678,0.000032532,0.221908937,0.001969697,0.
39.,0.08892807,0.685761138,0.001186367,0.000088063,0.00114589,0.000032892,0.22088592,0.00197166,0.
40.,0.080357426,0.695316087,0.001201008,0.000089095,0.001158512,0.000033264,0.219870963,0.001973646,0.
41.,0.085474036,0.691175016,0.001215864,0.000090155,0.00117153,0.000033647,0.218864098,0.001975654,0.
42.,0.090915602,0.686700276,0.001230894,0.000091239,0.00118491,0.00003404,0.217865351,0.001977687,0.
43.,0.096702733,0.681871232,0.001246132,0.000092345,0.001198627,0.000034444,0.216874743,0.001979743,0.
44.,0.099249446,0.680273847,0.0012616,0.000093471,0.001212664,0.000034857,0.21589229,0.001981825,0.
45.,0.085531491,0.694932116,0.001277535,0.000094619,0.001227023,0.000035278,0.214918005,0.001983932,0.
46.,0.073710306,0.707684476,0.001294005,0.000095794,0.001241739,0.000035709,0.213951906,0.001986065,0.
47.,0.063523661,0.718793142,0.001310968,0.000096999,0.001256838,0.000036149,0.212994018,0.001988225,0.
48.,0.057595986,0.725633664,0.001328398,0.000098236,0.001272338,0.0000366,0.212044367,0.001990411,0.
49.,0.067845288,0.716288217,0.001346084,0.000099504,0.001288236,0.000037062,0.211102984,0.001992626,0.
50.,0.079916617,0.705111847,0.001363938,0.000100799,0.001304501,0.000037535,0.210169895,0.001994869,0.
51.,0.094133807,0.691780727,0.001381966,0.000102117,0.001321103,0.000038018,0.209245119,0.001997141,0.
52.,0.104975128,0.681816609,0.001400161,0.000103456,0.001338018,0.000038512,0.208328673,0.001999443,0.
53.,0.089845699,0.697813967,0.001418913,0.000104816,0.001355248,0.000039014,0.207420568,0.002001775,0.
54.,0.076897469,0.711620649,0.001438342,0.000106205,0.001372851,0.000039525,0.20652082,0.002004138,0.
55.,0.065816019,0.723551057,0.001458384,0.00010763,0.001390872,0.000040047,0.205629459,0.002006532,0.
56.,0.057035393,0.733171125,0.001478995,0.000109093,0.001409338,0.000040581,0.204746518,0.002008959,0.
57.,0.052615266,0.738421191,0.0015001,0.000110594,0.001428267,0.000041128,0.203872037,0.002011418,0.
58.,0.048538023,0.743318847,0.001521679,0.000112133,0.001447663,0.000041688,0.203006056,0.002013911,0.
59.,0.04477708,0.747890619,0.001543744,0.00011371,0.001467529,0.000042263,0.202148616,0.002016439,0.
60.,0.041215458,0.752253428,0.001566304,0.000115325,0.001487871,0.000042852,0.201299761,0.002019002,0.
61.,0.037515461,0.756744904,0.001589375,0.000116977,0.001508696,0.000043455,0.200459532,0.002021602,0.
62.,0.034148097,0.760893973,0.001612968,0.000118668,0.00153001,0.000044072,0.199627973,0.002024239,0.
63.,0.031083476,0.764730465,0.001637091,0.000120399,0.001551822,0.000044704,0.198805129,0.002026914,0.
64.,0.029113688,0.767462226,0.001661751,0.000122169,0.00157414,0.000045351,0.197991047,0.002029628,0.
65.,0.031529848,0.765798149,0.001686889,0.000123978,0.001596967,0.000046012,0.197185774,0.002032382,0.
66.,0.034145642,0.763924522,0.001712489,0.000125826,0.001620298,0.000046689,0.196389357,0.002035177,0.
67.,0.036977542,0.761824812,0.00173857,0.000127712,0.00164413,0.00004738,0.19560184,0.002038013,0.
68.,0.040712013,0.758812494,0.001765146,0.000129636,0.001668463,0.000048086,0.19482327,0.002040892,0.
69.,0.048731402,0.751505231,0.001792163,0.000131597,0.001693296,0.000048807,0.19405369,0.002043815,0.
70.,0.058328362,0.742610373,0.001819587,0.000133594,0.001718617,0.000049542,0.193293144,0.002046781,0.
71.,0.069813147,0.731817654,0.001847404,0.000135626,0.001744414,0.00005029,0.192541672,0.002049792,0.
72.,0.078773162,0.723539667,0.00187559,0.000137692,0.001770676,0.000051053,0.191799312,0.00205285,0.
73.,0.066879414,0.736104946,0.001904552,0.000139792,0.001797413,0.000051828,0.191066102,0.002055953,0.
74.,0.05678215,0.746862994,0.001934418,0.000141937,0.001824694,0.000052618,0.190342084,0.002059104,0.
75.,0.048210075,0.756085057,0.001965117,0.000144132,0.001852574,0.000053424,0.189627317,0.002062304,0.
76.,0.043143649,0.761790614,0.001996606,0.000146381,0.001881087,0.000054247,0.188921864,0.002065553,0.
77.,0.050657851,0.754904851,0.002028633,0.000148682,0.001910246,0.000055088,0.188225796,0.002068853,0.
78.,0.059478837,0.746701678,0.002061097,0.000151032,0.001940023,0.000055949,0.187539179,0.002072204,0.
79.,0.069833773,0.736953885,0.002094008,0.000153427,0.001970393,0.000056828,0.186862077,0.002075609,0.
80.,0.082302832,0.725081274,0.002127358,0.000155864,0.002001335,0.000057724,0.186194545,0.002079067,0.
81.,0.09886833,0.709101556,0.002161092,0.00015834,0.002032826,0.000058638,0.185536638,0.002082581,0.
82.,0.118765316,0.689779729,0.002195147,0.000160851,0.002064838,0.000059567,0.184888402,0.00208615,0.
83.,0.142663566,0.666446079,0.00222946,0.000163395,0.002097336,0.000060511,0.184249878,0.002089776,0.
84.,0.170856456,0.638807325,0.002263946,0.000165968,0.002130279,0.000061468,0.183621101,0.002093458,0.
85.,0.201591631,0.608615895,0.002298559,0.000168563,0.002163622,0.000062437,0.183002094,0.002097199,0.
86.,0.23785207,0.572888934,0.002333211,0.000171178,0.002197317,0.000063416,0.182392875,0.002100998,0.
87.,0.280630645,0.53063377,0.002367765,0.000173807,0.002231306,0.000064404,0.181793448,0.002104856,0.
88.,0.32063729,0.491140724,0.002402052,0.000176441,0.002265513,0.000065398,0.181203808,0.002108774,0.
89.,0.312986359,0.49929438,0.002437168,0.000179083,0.002299927,0.000066397,0.180623935,0.00211275,0.
90.,0.305515364,0.507256606,0.002473552,0.000181755,0.002334709,0.000067402,0.180053826,0.002116786,0.
91.,0.298220106,0.51503155,0.00251107,0.000184474,0.002369991,0.000068417,0.179493509,0.002120883,0.
92.,0.283962083,0.529757642,0.00254964,0.00018725,0.002405869,0.000069445,0.17894303,0.002125041,0.
93.,0.239273343,0.574901832,0.002590054,0.000190095,0.002442466,0.000070492,0.178402457,0.002129262,0.
94.,0.201616665,0.613000915,0.002632397,0.000193033,0.002479991,0.000071561,0.17787189,0.002133547,0.
95.,0.169885776,0.645161174,0.002676372,0.000196074,0.00251858,0.000072661,0.177351464,0.002137899,0.
96.,0.151263502,0.664199739,0.002721778,0.000199223,0.002558312,0.000073794,0.176841333,0.00214232,0.
97.,0.179125643,0.636741941,0.00276736,0.000202469,0.002599155,0.000074963,0.176341657,0.002146811,0.
98.,0.212115974,0.604144638,0.00281259,0.000205781,0.0026409,0.000076166,0.175852574,0.002151375,0.
99.,0.251177884,0.565464566,0.002857471,0.000209135,0.002683352,0.000077398,0.175374179,0.002156014,0.
100.,0.280843452,0.536169862,0.002901922,0.000212512,0.002726341,0.000078651,0.174906532,0.002160728,0.
101.,0.238016909,0.579354084,0.002948136,0.000215914,0.002769851,0.000079921,0.174449666,0.002165518,0.
102.,0.201719833,0.615994591,0.002996769,0.000219385,0.002814185,0.000081207,0.174003646,0.002170385,0.
103.,0.170957037,0.647086605,0.003047412,0.000222951,0.002859563,0.000082516,0.173568586,0.00217533,0.
104.,0.15280121,0.66555741,0.003099791,0.000226625,0.002906119,0.000083855,0.173144634,0.002180356,0.
105.,0.179762312,0.638898307,0.003152478,0.000230401,0.002953854,0.000085229,0.172731955,0.002185465,0.
106.,0.211476363,0.607473978,0.003204865,0.000234248,0.003002558,0.000086636,0.172330693,0.002190659,0.
107.,0.248780719,0.570447198,0.003256946,0.000238142,0.003052035,0.000088072,0.171940949,0.002195939,0.
108.,0.282005454,0.53748812,0.003308625,0.000242063,0.003102111,0.00008953,0.17156279,0.002201307,0.
109.,0.26666038,0.553085338,0.003361522,0.000246008,0.003152727,0.000091006,0.171196256,0.002206762,0.
110.,0.252147284,0.56783616,0.003416267,0.000250008,0.003204079,0.000092497,0.170841397,0.002212307,0.
111.,0.238421191,0.581785458,0.003472681,0.000254083,0.003256333,0.000094009,0.170498303,0.002217942,0.
112.,0.222215426,0.598199775,0.00353065,0.000258246,0.003309603,0.000095546,0.170167086,0.002223669,0.
113.,0.19283608,0.627772295,0.003590626,0.00026251,0.003364006,0.000097111,0.169847882,0.002229491,0.
114.,0.167339516,0.653446288,0.003652634,0.00026689,0.0034197,0.000098712,0.169540852,0.002235408,0.
115.,0.145212856,0.67573453,0.003716468,0.000271396,0.003476791,0.000100351,0.169246184,0.002241425,0.
116.,0.132151868,0.68894112,0.003781988,0.000276028,0.00353534,0.000102033,0.16896408,0.002247543,0.
117.,0.153635934,0.667587781,0.003847925,0.000280778,0.003595309,0.000103761,0.168694747,0.002253766,0.
118.,0.178608428,0.642731744,0.003913748,0.000285613,0.003656477,0.00010553,0.168438365,0.002260095,0.
119.,0.207635245,0.613807184,0.003979477,0.00029051,0.003718643,0.000107335,0.168195072,0.002266533,0.
120.,0.227314859,0.594215787,0.00404505,0.000295449,0.003781635,0.00010917,0.167964968,0.002273081,0.
121.,0.186324894,0.635277257,0.004113054,0.000300437,0.003845461,0.000111028,0.167748128,0.00227974,0.
122.,0.152724993,0.668930738,0.004184159,0.000305525,0.003910491,0.000112913,0.167544668,0.002286512,0.
123.,0.125183233,0.696508241,0.004257806,0.000310745,0.003976982,0.000114831,0.167354763,0.002293399,0.
124.,0.104086135,0.717623232,0.004333623,0.000316108,0.004045081,0.000116791,0.167178626,0.002300404,0.
125.,0.093025316,0.728684329,0.004411075,0.000321617,0.004114843,0.000118798,0.167016493,0.00230753,0.
126.,0.083139105,0.738553158,0.004489993,0.000327262,0.004186249,0.000120855,0.166868598,0.00231478,0.
127.,0.074302898,0.747354092,0.004570399,0.000333038,0.00425928,0.000122963,0.166735173,0.002322157,0.
128.,0.0697631,0.7518405,0.004652307,0.00033894,0.004333923,0.00012512,0.166616446,0.002329665,0.
129.,0.084447901,0.737084833,0.004734921,0.00034496,0.004410118,0.000127326,0.166512636,0.002337305,0.
130.,0.102219873,0.719224904,0.00481786,0.000351074,0.004487692,0.000129577,0.166423939,0.002345081,0.
131.,0.123727546,0.697612253,0.00490108,0.000357264,0.004566479,0.000131867,0.166350516,0.002352994,0.
132.,0.148255394,0.672962572,0.004984454,0.000363513,0.00464633,0.000134192,0.166292498,0.002361047,0.
133.,0.168975133,0.652103984,0.00506819,0.000369812,0.004727112,0.000136545,0.166249984,0.00236924,0.
134.,0.192585267,0.62833796,0.005152317,0.000376154,0.004808751,0.000138922,0.166223055,0.002377575,0.
135.,0.219488374,0.601262118,0.005236664,0.000382536,0.004891161,0.000141319,0.166211775,0.002386052,0.
136.,0.236385059,0.584176116,0.005321034,0.000388948,0.004974244,0.000143735,0.16621619,0.002394673,0.
137.,0.193684035,0.626667832,0.00540868,0.000395409,0.005058099,0.000146166,0.166236339,0.002403439,0.
138.,0.15869431,0.661426781,0.005500358,0.000401993,0.005143265,0.00014862,0.166272322,0.002412351,0.
139.,0.130023906,0.689845135,0.005595256,0.000408738,0.005230107,0.000151111,0.166324334,0.002421412,0.
140.,0.108242467,0.711353313,0.005692828,0.000415663,0.005318832,0.00015365,0.166392621,0.002430626,0.
141.,0.097661154,0.721640602,0.005792267,0.000422766,0.005409512,0.000156246,0.166477457,0.002439996,0.
142.,0.088112795,0.730874205,0.005893308,0.000430033,0.005502108,0.000158903,0.166579122,0.002449526,0.
143.,0.079496723,0.739154544,0.005995975,0.000437454,0.005596582,0.000161619,0.166697882,0.00245922,0.
144.,0.074283321,0.744011003,0.006100278,0.000445022,0.005692902,0.000164395,0.166833998,0.002469081,0.
145.,0.083032033,0.734884757,0.006205434,0.000452724,0.005790994,0.000167227,0.166987718,0.002479112,0.
146.,0.092807701,0.724711248,0.006311139,0.000460537,0.00589068,0.000170112,0.167159265,0.002489317,0.
147.,0.103730544,0.713370189,0.006417449,0.000468443,0.005991805,0.000173044,0.167348828,0.002499698,0.
148.,0.112523535,0.704138591,0.006524361,0.00047643,0.006094245,0.000176018,0.167556565,0.002510256,0.
149.,0.105408098,0.710793873,0.006632938,0.000484498,0.006197957,0.000179027,0.167782616,0.002520994,0.
150.,0.098740335,0.716979265,0.006743558,0.000492666,0.006303063,0.000182073,0.168027126,0.002531914,0.
151.,0.092492221,0.722722657,0.006856076,0.000500947,0.00640966,0.000185156,0.168290264,0.002543018,0.
152.,0.08733214,0.727355508,0.006970391,0.00050935,0.006517811,0.000188281,0.16857221,0.002554309,0.
153.,0.085833556,0.728304443,0.007086193,0.000517876,0.006627539,0.000191449,0.168873154,0.00256579,0.
154.,0.084358333,0.729207551,0.007203363,0.000526521,0.006738822,0.000194661,0.169193286,0.002577463,0.
155.,0.082906122,0.730065016,0.007321906,0.00053528,0.006851637,0.000197917,0.169532791,0.00258933,0.
156.,0.081796806,0.730556794,0.00744182,0.000544153,0.006965967,0.000201218,0.169891846,0.002601395,0.
157.,0.082302078,0.729411173,0.007562978,0.000553135,0.007081786,0.000204562,0.170270627,0.00261366,0.
158.,0.082807849,0.728242169,0.007685326,0.000562223,0.007199055,0.000207949,0.170669301,0.002626127,0.
159.,0.083314059,0.727049722,0.007808863,0.000571412,0.007317741,0.000211377,0.171088027,0.002638799,0.
160.,0.081813631,0.727840803,0.007933577,0.000580699,0.007437811,0.000214844,0.171526957,0.002651678,0.
161.,0.071294406,0.737626664,0.008060201,0.00059009,0.007559285,0.000218351,0.171986238,0.002664766,0.
162.,0.062126609,0.746036654,0.008188866,0.000599598,0.007682277,0.000221898,0.172466031,0.002678067,0.
163.,0.054136857,0.753244129,0.008319341,0.000609233,0.007806858,0.000225488,0.172966514,0.002691581,0.
164.,0.049732664,0.756841524,0.008451453,0.000618995,0.007933054,0.000229124,0.173487874,0.002705313,0.
165.,0.060007182,0.745736831,0.008583952,0.000628874,0.008060796,0.000232806,0.174030296,0.002719265,0.
166.,0.072400111,0.732491089,0.008716228,0.000638836,0.008189833,0.00023653,0.174593933,0.002733439,0.
167.,0.08734769,0.716668346,0.00884817,0.000648855,0.008319924,0.00024029,0.175178888,0.002747837,0.
168.,0.098601183,0.704517746,0.00897957,0.000658906,0.008450837,0.000244079,0.17578522,0.002762461,0.
169.,0.080891687,0.721305568,0.009113086,0.00066899,0.008582519,0.000247888,0.17641295,0.002777311,0.
170.,0.066361882,0.734888013,0.0092494,0.000679159,0.008715307,0.000251719,0.177062131,0.002792388,0.
171.,0.054441264,0.745835855,0.009387879,0.000689439,0.008849419,0.000255578,0.17773287,0.002807695,0.
172.,0.045862309,0.753416808,0.009528075,0.00069984,0.008984956,0.000259473,0.178425305,0.002823234,0.
173.,0.044214649,0.754041957,0.009669132,0.000710357,0.009121908,0.000263408,0.179139583,0.002839008,0.
174.,0.042624894,0.754584982,0.009810756,0.000720971,0.009260156,0.000267382,0.17987584,0.002855019,0.
175.,0.041091055,0.755047865,0.009952967,0.00073167,0.009399592,0.000271394,0.180634188,0.002871269,0.
176.,0.039132451,0.755911308,0.010095754,0.000742442,0.009540125,0.00027544,0.181414722,0.002887759,0.
177.,0.035083632,0.758840554,0.010239317,0.000753281,0.00968169,0.000279518,0.182217516,0.002904493,0.
178.,0.031453296,0.761326874,0.010383656,0.000764185,0.009824257,0.000283624,0.183042637,0.00292147,0.
179.,0.028198305,0.763413512,0.010528649,0.000775153,0.009967783,0.000287757,0.183890146,0.002938694,0.
180.,0.025822987,0.764596258,0.010674187,0.00078618,0.010112215,0.000291916,0.184760092,0.002956164,0.
181.,0.026334598,0.762868293,0.010819883,0.000797257,0.010257474,0.000296098,0.185652514,0.002973883,0.
182.,0.026855147,0.761107897,0.010965566,0.000808372,0.010403437,0.000300302,0.186567428,0.002991852,0.
183.,0.027384764,0.759315099,0.01111121,0.000819514,0.010549991,0.000304522,0.18750483,0.003010071,0.
184.,0.027430841,0.757982693,0.011256765,0.000830674,0.010697036,0.000308756,0.188464695,0.00302854,0.
185.,0.02515994,0.758944037,0.011402441,0.000841848,0.010844492,0.000313001,0.189446979,0.003047262,0.
186.,0.02307675,0.759694533,0.011548239,0.000853036,0.010992324,0.000317254,0.19045163,0.003066235,0.
187.,0.021165829,0.760249875,0.011694024,0.000864233,0.01114048,0.000321513,0.191478585,0.00308546,0.
188.,0.019302972,0.760734531,0.011839672,0.000875438,0.011288898,0.000325778,0.192527774,0.003104938,0.
189.,0.017112525,0.761524366,0.011985127,0.000886643,0.011437511,0.000330047,0.193599113,0.003124668,0.
190.,0.015170878,0.762043266,0.012130287,0.000897844,0.011586251,0.000334317,0.194692506,0.00314465,0.
191.,0.013449838,0.762319748,0.01227502,0.000909035,0.01173504,0.000338588,0.195807846,0.003164885,0.
192.,0.012207218,0.76209634,0.012419204,0.000920207,0.011883793,0.000342856,0.196945009,0.003185373,0.
193.,0.012477823,0.760338781,0.012562546,0.000931353,0.012032409,0.000347119,0.198103856,0.003206112,0.
194.,0.012753748,0.758555439,0.012704893,0.00094246,0.012180757,0.000351375,0.199284226,0.003227102,0.
195.,0.013035087,0.756746611,0.012846174,0.000953517,0.012328717,0.000355618,0.200485934,0.003248342,0.
196.,0.013526158,0.754708394,0.01298631,0.000964514,0.012476172,0.000359846,0.201708775,0.003269831,0.
197.,0.01515432,0.751514019,0.013125071,0.000975442,0.012623003,0.000364055,0.202952521,0.003291569,0.
198.,0.016976811,0.74810682,0.01326229,0.00098629,0.012769071,0.00036824,0.204216924,0.003313552,0.
199.,0.019016749,0.744464216,0.013397861,0.000997045,0.012914242,0.000372399,0.205501709,0.00333578,0.
200.,0.02055817,0.741302737,0.013531662,0.001007697,0.013058382,0.000376525,0.206806576,0.00335825,0.
201.,0.01868412,0.741539391,0.013664073,0.001018241,0.013201392,0.000380617,0.208131206,0.00338096,0.
202.,0.016980941,0.741588154,0.013795142,0.001028679,0.013343239,0.000384671,0.209475267,0.003403908,0.
203.,0.015433116,0.741465121,0.013924679,0.001039008,0.013483874,0.000388686,0.210838425,0.003427091,0.
204.,0.014087665,0.741123858,0.014052521,0.001049226,0.013623227,0.000392662,0.212220334,0.003450507,0.
205.,0.013143052,0.740366544,0.01417848,0.001059324,0.013761213,0.000396595,0.213620638,0.003474153,0.
206.,0.012261836,0.739531243,0.014302418,0.001069295,0.013897732,0.000400484,0.215038964,0.003498027,0.
207.,0.011439796,0.738622794,0.014424224,0.00107913,0.014032679,0.000404327,0.216474923,0.003522126,0.
208.,0.010632901,0.737685861,0.014543791,0.00108882,0.014165951,0.000408121,0.217928108,0.003546446,0.
209.,0.009699372,0.736862843,0.014661043,0.001098357,0.014297444,0.000411861,0.219398095,0.003570985,0.
210.,0.00884815,0.735945451,0.01477588,0.001107733,0.014427058,0.000415546,0.220884443,0.003595739,0.
211.,0.00807201,0.734941596,0.014888194,0.00111694,0.01455469,0.000419173,0.222386693,0.003620704,0.
212.,0.007615022,0.733607904,0.01499788,0.001125971,0.014680238,0.000422738,0.223904372,0.003645876,0.
213.,0.008521027,0.730901457,0.015104639,0.001134816,0.014803585,0.000426238,0.225436987,0.003671252,0.
214.,0.009533534,0.728079593,0.015208303,0.001143462,0.014924588,0.00042967,0.226984023,0.003696827,0.
215.,0.010665032,0.72513059,0.015308797,0.001151897,0.015043113,0.00043303,0.228544943,0.003722598,0.
216.,0.011852496,0.72211826,0.015406041,0.001160113,0.015159032,0.000436313,0.230119187,0.003748558,0.
217.,0.012753176,0.719386089,0.015500011,0.0011681,0.015272229,0.000439516,0.231706176,0.003774703,0.
218.,0.013721279,0.716580645,0.01559065,0.001175852,0.0153826,0.000442635,0.233305311,0.003801029,0.
219.,0.01476183,0.713697712,0.015677873,0.001183362,0.015490047,0.000445668,0.234915979,0.003827529,0.
220.,0.015928152,0.710684791,0.015761599,0.001190624,0.015594471,0.000448611,0.236537553,0.003854198,0.
221.,0.017446772,0.707316233,0.015841706,0.001197631,0.015695775,0.000451462,0.238169389,0.003881032,0.
222.,0.019108897,0.703801703,0.015918097,0.001204375,0.015793858,0.000454218,0.239810829,0.003908023,0.
223.,0.020928058,0.700128536,0.015990693,0.001210849,0.015888621,0.000456876,0.2414612,0.003935166,0.
224.,0.02217139,0.697030473,0.01605942,0.001217047,0.015979967,0.000459434,0.243119813,0.003962455,0.
225.,0.019964369,0.69738226,0.016124817,0.001222968,0.016067842,0.00046189,0.24478597,0.003989884,0.
226.,0.01797737,0.697514069,0.016187003,0.001228619,0.016152277,0.000464242,0.246458973,0.004017447,0.
227.,0.016188514,0.697448634,0.016245808,0.001234004,0.016233278,0.000466491,0.248138133,0.004045137,0.
228.,0.014774874,0.697009717,0.016301104,0.001239125,0.016310827,0.000468638,0.249822765,0.004072949,0.
229.,0.014427736,0.695507032,0.01635263,0.001243976,0.016384883,0.000470683,0.251512183,0.004100877,0.
230.,0.014088666,0.693999897,0.016400282,0.001248551,0.016455373,0.000472626,0.253205692,0.004128914,0.
231.,0.013757495,0.692489272,0.016444049,0.001252843,0.016522231,0.000474464,0.254902593,0.004157054,0.
232.,0.013356205,0.691053964,0.016483921,0.001256849,0.016585402,0.000476196,0.256602173,0.004185291,0.
233.,0.012596642,0.689982844,0.016519956,0.001260564,0.016644838,0.00047782,0.258303717,0.004213618,0.
234.,0.011880525,0.688874943,0.016552161,0.001263989,0.016700511,0.000479335,0.260006507,0.00424203,0.
235.,0.01120539,0.687733505,0.016580514,0.001267121,0.016752391,0.00048074,0.261709821,0.004270518,0.
236.,0.010572938,0.6865576,0.016605002,0.001269959,0.01680045,0.000482035,0.263412939,0.004299078,0.
237.,0.009995499,0.685335663,0.016625615,0.001272503,0.016844664,0.000483218,0.265115137,0.004327701,0.
238.,0.009449906,0.684091616,0.016642352,0.001274751,0.016885012,0.000484289,0.266815693,0.004356382,0.
239.,0.008934416,0.68282794,0.016655221,0.001276702,0.016921476,0.000485248,0.268513884,0.004385114,0.
240.,0.008524099,0.681470298,0.016664233,0.001278357,0.016954041,0.000486094,0.270208989,0.00441389,0.
241.,0.008510864,0.67972757,0.016669337,0.001279714,0.016982695,0.000486827,0.271900289,0.004442703,0.
242.,0.008497603,0.677997604,0.01667054,0.001280773,0.017007419,0.000487448,0.273587066,0.004471548,0.
243.,0.008484324,0.676281082,0.016667883,0.001281534,0.017028206,0.000487954,0.275268601,0.004500416,0.
244.,0.00848464,0.67456507,0.016661409,0.001281997,0.017045052,0.000488347,0.276944183,0.004529301,0.
245.,0.008553303,0.672795495,0.01665115,0.001282164,0.017057964,0.000488627,0.2786131,0.004558198,0.
246.,0.008622433,0.671040891,0.016637147,0.001282036,0.017066951,0.000488794,0.28027465,0.004587098,0.
247.,0.008692045,0.669301883,0.016619451,0.001281616,0.017072028,0.000488848,0.281928135,0.004615995,0.
248.,0.008965535,0.66737569,0.016598114,0.001280906,0.017073217,0.00048879,0.283572863,0.004644884,0.
249.,0.010387549,0.664318477,0.016573001,0.001279908,0.017070533,0.000488621,0.285208155,0.004673756,0.
250.,0.012033793,0.66105527,0.016544072,0.00127862,0.017063968,0.000488341,0.286833331,0.004702606,0.
251.,0.01393964,0.657551329,0.016511376,0.001277042,0.017053518,0.00048795,0.288447717,0.004731427,0.
252.,0.01570207,0.65421031,0.016474954,0.001275174,0.01703919,0.000487448,0.290050641,0.004760213,0.
253.,0.015421531,0.652931954,0.016435244,0.001273021,0.017021018,0.000486837,0.291641439,0.004788957,0.
254.,0.015146225,0.651668394,0.016392457,0.001270594,0.016999098,0.000486116,0.293219462,0.004817653,0.
255.,0.014876068,0.650420215,0.016346621,0.001267904,0.016973523,0.000485289,0.294784086,0.004846294,0.
256.,0.014942878,0.648856073,0.016297777,0.001264958,0.016944377,0.000484359,0.296334703,0.004874875,0.
257.,0.016819204,0.645504197,0.016245674,0.001261761,0.016911717,0.000483329,0.297870727,0.00490339,0.
258.,0.01893027,0.641939999,0.016190246,0.001258312,0.016875559,0.000482201,0.29939158,0.004931833,0.
259.,0.021305488,0.638134547,0.016131573,0.00125461,0.016835919,0.000480974,0.300896691,0.004960198,0.
260.,0.022740957,0.635292212,0.016069721,0.001250656,0.016792827,0.000479651,0.302385495,0.004988481,0.
261.,0.018781756,0.637867261,0.016005792,0.001246463,0.016746381,0.000478232,0.303857441,0.005016674,0.
262.,0.015513286,0.639774257,0.015940076,0.001242057,0.016696816,0.00047672,0.305312014,0.005044773,0.
263.,0.012815015,0.641134187,0.015872389,0.001237456,0.016644314,0.000475124,0.306748742,0.005072773,0.
264.,0.010854521,0.641779871,0.01580263,0.001232671,0.016589004,0.000473446,0.308167186,0.00510067,0.
265.,0.010435132,0.64090856,0.015730544,0.001227705,0.016530976,0.000471694,0.30956693,0.00512846,0.
266.,0.010032401,0.640045071,0.015656119,0.001222558,0.016470271,0.000469868,0.310947575,0.005156137,0.
267.,0.009645667,0.639190284,0.015579474,0.001217232,0.016406941,0.000467971,0.312308731,0.005183699,0.
268.,0.009627711,0.637991623,0.01550072,0.00121173,0.016341049,0.000466004,0.313650022,0.005211141,0.
269.,0.011634278,0.634793873,0.01541964,0.001206055,0.016272644,0.000463969,0.314971083,0.005238459,0.
270.,0.014057522,0.631205298,0.015336172,0.001200202,0.016201733,0.000461866,0.316271558,0.005265649,0.
271.,0.016984033,0.627139576,0.015250392,0.001194172,0.01612833,0.000459695,0.317551094,0.005292707,0.
272.,0.020112361,0.622898439,0.015162349,0.001187964,0.016052458,0.000457456,0.318809342,0.00531963,0.
273.,0.021577999,0.6203463,0.01507243,0.001181584,0.015974163,0.00045515,0.320045962,0.005346413,0.
274.,0.023150345,0.617713754,0.014980857,0.00117504,0.015893546,0.000452778,0.321260627,0.005373052,0.
275.,0.024837219,0.61499312,0.014887688,0.001168345,0.015810707,0.000450343,0.322453034,0.005399543,0.
276.,0.026222501,0.612600636,0.014792986,0.001161506,0.015725742,0.000447846,0.323622899,0.005425885,0.
277.,0.025569202,0.612273013,0.014697168,0.001154533,0.015638761,0.000445293,0.324769958,0.005452072,0.
278.,0.024932956,0.611954496,0.01460042,0.001147442,0.015549922,0.000442686,0.325893975,0.005478102,0.
279.,0.024313314,0.611645559,0.014502767,0.001140246,0.015459366,0.00044003,0.326994744,0.005503973,0.
280.,0.023515451,0.611541033,0.014404247,0.001132955,0.015367217,0.00043733,0.328072086,0.005529681,0.
281.,0.021831978,0.612348128,0.014305061,0.001125578,0.015273596,0.000434589,0.329125845,0.005555226,0.
282.,0.020270071,0.613059567,0.014205294,0.001118125,0.015178635,0.000431812,0.330155891,0.005580605,0.
283.,0.018820922,0.613684122,0.014104963,0.001110605,0.015082451,0.000429002,0.331162119,0.005605815,0.
284.,0.018244594,0.613461674,0.0140041,0.001103024,0.014985144,0.000426164,0.332144444,0.005630857,0.
285.,0.022053968,0.608879943,0.013902113,0.001095384,0.014886767,0.000423298,0.333102799,0.005655728,0.
286.,0.026657633,0.603530705,0.013798765,0.001087672,0.014787276,0.000420407,0.334037116,0.005680426,0.
287.,0.032221362,0.597248267,0.013694102,0.00107988,0.01468663,0.000417489,0.33494732,0.005704951,0.
288.,0.03829938,0.590478526,0.013588125,0.001072003,0.014584799,0.000414541,0.335833326,0.0057293,0.
289.,0.041907425,0.586205339,0.013481323,0.001064041,0.014481788,0.000411563,0.33669505,0.005753471,0.
290.,0.045855868,0.581618077,0.013373945,0.001056002,0.014377678,0.000408555,0.337532411,0.005777463,0.
291.,0.050176956,0.576684457,0.013266002,0.001047897,0.014272549,0.000405517,0.338345349,0.005801274,0.
292.,0.054191369,0.572083758,0.013157508,0.00103973,0.014166468,0.000402452,0.339133813,0.005824902,0.
293.,0.054845585,0.570868877,0.013049018,0.001031512,0.014059529,0.000399362,0.339897771,0.005848346,0.
294.,0.055509189,0.569669819,0.012940766,0.001023261,0.013951897,0.000396251,0.340637213,0.005871605,0.
295.,0.056182341,0.568486261,0.012832733,0.001014989,0.013843713,0.000393123,0.34135216,0.005894679,0.
296.,0.055437619,0.568745442,0.012724924,0.001006708,0.013735099,0.000389983,0.342042659,0.005917566,0.
297.,0.048267275,0.575453869,0.012618324,0.000998431,0.013626217,0.000386836,0.342708782,0.005940267,0.
298.,0.042026505,0.581255753,0.012513107,0.000990188,0.013517339,0.000383687,0.34335064,0.005962781,0.
299.,0.03659464,0.586271675,0.012408986,0.000981995,0.013408658,0.000380544,0.343968393,0.00598511,0.
300.,0.033159062,0.589314112,0.012305771,0.000973858,0.0133003,0.000377413,0.344562228,0.006007255,0.
301.,0.036833115,0.585270511,0.012202442,0.000965773,0.013192294,0.000374298,0.345132352,0.006029216,0.
302.,0.040914519,0.58084342,0.012098677,0.000957716,0.013084519,0.000371198,0.345678956,0.006050995,0.
303.,0.045448567,0.575987342,0.01199462,0.000949674,0.012976884,0.000368111,0.346202211,0.006072592,0.
304.,0.049157509,0.571979846,0.011890367,0.000941638,0.012869328,0.000365032,0.346702272,0.006094007,0.
305.,0.04663448,0.574226679,0.011786875,0.000933609,0.01276187,0.000361959,0.347179285,0.006115242,0.
306.,0.044242598,0.576364039,0.011684492,0.000925608,0.012654663,0.000358893,0.347633412,0.006136295,0.
307.,0.041974976,0.578398564,0.011583129,0.00091765,0.012547837,0.000355836,0.348064841,0.006157168,0.
308.,0.041359825,0.578801781,0.011482729,0.000909742,0.012441489,0.000352792,0.34847378,0.006177862,0.
309.,0.049450193,0.57052149,0.011382212,0.000901883,0.012335631,0.000349763,0.348860451,0.006198378,0.
310.,0.059123105,0.560681135,0.01128108,0.000894049,0.012230107,0.00034675,0.349225059,0.006218716,0.
311.,0.070688441,0.548970853,0.011179316,0.00088622,0.012124767,0.000343747,0.349567777,0.006238877,0.
312.,0.081823899,0.537713042,0.011076835,0.000878382,0.012019476,0.000340751,0.349888753,0.006258862,0.
313.,0.080814447,0.538621033,0.010975239,0.000870535,0.011914211,0.000337756,0.350188109,0.00627867,0.
314.,0.079819773,0.539534092,0.010875174,0.000862711,0.011809194,0.000334764,0.35046599,0.006298301,0.
315.,0.078839633,0.540452219,0.010776482,0.000854934,0.011704618,0.000331779,0.35072258,0.006317756,0.
316.,0.076386592,0.542862576,0.010679058,0.000847217,0.011600622,0.000328806,0.350958093,0.006337036,0.
317.,0.067284724,0.551939884,0.010583686,0.000839578,0.011497366,0.000325851,0.35117277,0.006356142,0.
318.,0.059269879,0.559947673,0.010490433,0.00083204,0.011395087,0.000322922,0.351366889,0.006375076,0.
319.,0.05221203,0.5670158,0.010398977,0.000824618,0.011293943,0.000320024,0.351540768,0.00639384,0.
320.,0.047461876,0.57179335,0.01030909,0.000817313,0.011194024,0.000317163,0.351694746,0.006412438,0.
321.,0.050621153,0.568679254,0.010219768,0.000810118,0.011095323,0.000314343,0.35182917,0.006430871,0.
322.,0.053991597,0.565371923,0.010130701,0.00080301,0.010997696,0.000311561,0.351944371,0.006449141,0.
323.,0.057587399,0.561856855,0.010042027,0.000795973,0.010901031,0.000308814,0.352040651,0.006467251,0.
324.,0.059129928,0.560412398,0.009953838,0.000788996,0.010805249,0.000306098,0.352118292,0.006485202,0.
325.,0.050411042,0.569245098,0.009867432,0.000782084,0.010710375,0.000303409,0.352177565,0.006502995,0.
326.,0.042979917,0.576804995,0.009783079,0.000775264,0.010616602,0.00030075,0.352218761,0.006520633,0.
327.,0.036646184,0.583282313,0.009700456,0.000768549,0.010524057,0.000298123,0.352242202,0.006538117,0.
328.,0.031641428,0.588445277,0.009619338,0.000761944,0.010432807,0.000295532,0.352248225,0.00655545,0.
329.,0.029101693,0.591157837,0.009539371,0.000755448,0.010342864,0.000292979,0.352237175,0.006572634,0.
330.,0.026767045,0.593679739,0.00946044,0.000749052,0.010254195,0.000290466,0.352209392,0.006589671,0.
331.,0.024620864,0.596027295,0.009382558,0.000742753,0.010166768,0.000287991,0.352165208,0.006606564,0.
332.,0.022582634,0.598280718,0.009305729,0.000736545,0.010080558,0.000285553,0.352104948,0.006623315,0.
333.,0.020418105,0.600673924,0.009229989,0.000730426,0.009995548,0.000283151,0.35202893,0.006639926,0.
334.,0.018462167,0.602871721,0.00915534,0.000724395,0.009911725,0.000280785,0.351937468,0.006656399,0.
335.,0.016694672,0.604893971,0.009081767,0.00071845,0.00982908,0.000278452,0.351830871,0.006672736,0.
336.,0.015587502,0.606268514,0.009009258,0.000712592,0.009747598,0.000276154,0.351709444,0.006688939,0.
337.,0.017127676,0.605008318,0.008937551,0.000706815,0.009667254,0.000273888,0.351573488,0.006705009,0.
338.,0.018819626,0.603608816,0.008866562,0.000701114,0.009587987,0.000271655,0.351423291,0.006720949,0.
339.,0.02067834,0.602054755,0.008796331,0.000695483,0.009509747,0.000269451,0.351259132,0.006736761,0.
340.,0.022095858,0.600953844,0.008726879,0.00068992,0.009432499,0.000267276,0.351081278,0.006752445,0.
341.,0.020587764,0.602789931,0.008658523,0.000684425,0.009356233,0.000265129,0.35088999,0.006768004,0.
342.,0.019183498,0.604533169,0.008591363,0.000679005,0.009280987,0.000263008,0.350685531,0.006783439,0.
343.,0.017875882,0.606190487,0.008525346,0.000673663,0.009206788,0.000260916,0.350468166,0.006798752,0.
344.,0.016676363,0.607750181,0.008460436,0.000668401,0.009133653,0.000258853,0.350238168,0.006813945,0.
345.,0.01564302,0.609153928,0.008396595,0.000663221,0.009061591,0.00025682,0.349995807,0.006829018,0.
346.,0.014674452,0.610502878,0.008333798,0.000658122,0.008990603,0.000254817,0.349741355,0.006843975,0.
347.,0.013766577,0.611800856,0.008272031,0.000653105,0.008920688,0.000252844,0.349475081,0.006858817,0.
348.,0.012674084,0.613292925,0.008211279,0.000648168,0.008851842,0.000250903,0.349197253,0.006873546,0.
349.,0.010629875,0.615745819,0.008151634,0.000643311,0.008784068,0.000248992,0.348908138,0.006888164,0.
350.,0.008916686,0.61787653,0.008093088,0.000638536,0.008717378,0.000247112,0.348608,0.006902672,0.
351.,0.007480886,0.61973847,0.008035586,0.000633843,0.008651773,0.000245262,0.348297107,0.006917072,0.
352.,0.006262561,0.621391334,0.00797909,0.000629232,0.00858725,0.000243444,0.347975723,0.006931366,0.
353.,0.005181733,0.622914869,0.007923577,0.000624701,0.008523798,0.000241657,0.347644108,0.006945557,0.
354.,0.004288734,0.62425852,0.007869025,0.000620248,0.008461406,0.0002399,0.347302522,0.006959645,0.
355.,0.003550908,0.62545472,0.007815413,0.000615872,0.008400062,0.000238174,0.346951218,0.006973632,0.
356.,0.003033431,0.626438073,0.007762725,0.000611572,0.008339752,0.000236478,0.346590447,0.006987521,0.
357.,0.003033222,0.626911482,0.007710912,0.000607346,0.008280459,0.00023481,0.346220456,0.007001313,0.
358.,0.00303306,0.627391961,0.007659958,0.000603192,0.008222164,0.000233172,0.345841484,0.00701501,0.
359.,0.003032946,0.627879288,0.007609868,0.000599108,0.008164848,0.000231561,0.345453768,0.007028613,0.
360.,0.003032877,0.628373244,0.007560645,0.000595094,0.008108499,0.000229978,0.34505754,0.007042123,0.
