t, CL , CS , CE , CIS, CIA, CH , CR , CD , CV 
0,0.266260097,0.463606046,0.00067033,0.00009283,0.00120986,0.000134158,0.266125939,0.00190074,0
1,0.266989653,0.463800342,0.000763665,0.000082945,0.001137632,0.000092978,0.26490159,0.001903993,0.000327202
2,0.267725718,0.463995402,0.00082919,0.000077277,0.001088937,0.000067438,0.263656821,0.001906588,0.000652628
3,0.268466759,0.464188256,0.000875832,0.00007424,0.00105651,0.000051672,0.262401655,0.001908782,0.000976294
4,0.269203347,0.464449272,0.000909653,0.000072817,0.00103537,0.00004201,0.261142564,0.001910738,0.001234228
5,0.269901069,0.465065349,0.00093478,0.000072364,0.001022102,0.000036156,0.259883732,0.001912556,0.001171893
6,0.270601262,0.465673198,0.000954021,0.000072479,0.001014355,0.000032672,0.258627866,0.001914296,0.001109852
7,0.271303593,0.466272222,0.000969288,0.000072911,0.00101051,0.000030655,0.257376722,0.001915997,0.001048102
8,0.271899064,0.466807204,0.000981885,0.00007351,0.001009447,0.000029544,0.256131438,0.001917682,0.001150225
9,0.271951529,0.467063183,0.000992694,0.000074187,0.001010392,0.000028987,0.25489275,0.001919364,0.002066915
10,0.272003825,0.467316448,0.001002322,0.000074891,0.001012802,0.000028765,0.253661133,0.001921052,0.002978762
11,0.272055868,0.467566866,0.001011194,0.000075597,0.001016301,0.000028744,0.252436894,0.001922749,0.003885787
12,0.272002996,0.468167757,0.001019601,0.000076291,0.001020626,0.00002884,0.251220227,0.001924458,0.004539203
13,0.271427588,0.470528099,0.001027775,0.00007697,0.001025597,0.000029004,0.250011259,0.00192618,0.003947528
14,0.270853012,0.472878746,0.001035868,0.000077635,0.001031089,0.000029205,0.248810065,0.001927917,0.003356463
15,0.270279237,0.475219676,0.001043971,0.000078289,0.001037017,0.000029427,0.247616697,0.001929668,0.002766019
16,0.269608579,0.477206082,0.001052152,0.000078935,0.001043322,0.000029659,0.246431184,0.001931433,0.002618656
17,0.268452689,0.477466395,0.001060412,0.000079578,0.001049959,0.000029897,0.245253545,0.001933212,0.004674313
18,0.267301295,0.47772481,0.001068771,0.00008022,0.00105689,0.000030137,0.244083791,0.001935006,0.006719079
19,0.266154363,0.477981303,0.001077262,0.000080864,0.001064088,0.00003038,0.242921925,0.001936814,0.008753001
20,0.26505229,0.478423992,0.001085906,0.000081513,0.001071535,0.000030624,0.241767947,0.001938637,0.010547557
21,0.264155687,0.47980037,0.001094743,0.000082167,0.001079219,0.00003087,0.240621855,0.001940474,0.011194614
22,0.263261592,0.48116766,0.001103794,0.000082831,0.001087137,0.000031118,0.239483647,0.001942327,0.011839894
23,0.262369984,0.482525886,0.001113064,0.000083506,0.001095288,0.000031369,0.238353319,0.001944194,0.01248339
24,0.261641637,0.483712957,0.00112256,0.000084194,0.00110367,0.000031624,0.237230869,0.001946076,0.013126412
25,0.261718242,0.484082917,0.001132277,0.000084896,0.001112284,0.000031883,0.236116295,0.001947974,0.013773232
26,0.261794256,0.484448374,0.001142216,0.000085612,0.001121128,0.000032147,0.235009595,0.001949888,0.014416783
27,0.261869663,0.484809332,0.001152383,0.000086344,0.001130203,0.000032416,0.233910768,0.001951818,0.015057073
28,0.261758691,0.48533548,0.001162783,0.000087092,0.00113951,0.00003269,0.232819812,0.001953765,0.015710176
29,0.260721121,0.486701952,0.001173431,0.000087857,0.001149051,0.000032971,0.231736728,0.001955728,0.016441162
30,0.259687024,0.488058569,0.001184333,0.000088639,0.00115883,0.000033257,0.230661514,0.001957708,0.017170125
31,0.258656376,0.489405356,0.001195493,0.000089439,0.001168851,0.00003355,0.229594172,0.001959707,0.017897056
32,0.257666783,0.490821805,0.001206914,0.000090258,0.001179118,0.000033849,0.228534704,0.001961723,0.018504846
33,0.256867826,0.492624826,0.001218611,0.000091095,0.001189635,0.000034156,0.227483113,0.001963758,0.018526981
34,0.256070643,0.494417307,0.001230593,0.000091953,0.001200408,0.000034469,0.226439402,0.001965811,0.018549414
35,0.255275215,0.496199259,0.001242863,0.000092831,0.001211444,0.00003479,0.225403575,0.001967884,0.01857214
36,0.254470063,0.497910077,0.001255422,0.00009373,0.001222747,0.000035118,0.224375639,0.001969977,0.018667227
37,0.253609594,0.499308261,0.001268266,0.00009465,0.001234322,0.000035454,0.223355602,0.00197209,0.019121762
38,0.25275127,0.500696937,0.001281397,0.000095591,0.001246173,0.000035798,0.222343469,0.001974224,0.019575141
39,0.251895071,0.502076117,0.001294821,0.000096554,0.001258302,0.00003615,0.22133925,0.001976379,0.020027356
40,0.251190661,0.503478002,0.001308542,0.000097539,0.001270714,0.00003651,0.220342954,0.001978555,0.020296523
41,0.251235316,0.505030106,0.00132258,0.000098547,0.001283413,0.000036878,0.21935459,0.001980754,0.019657816
42,0.251279117,0.506572333,0.001336946,0.000099577,0.001296407,0.000037255,0.218374168,0.001982976,0.019021222
43,0.251322042,0.50810468,0.001351643,0.000100632,0.001309702,0.00003764,0.217401701,0.001985221,0.018386741
44,0.251202364,0.509533269,0.001366675,0.00010171,0.001323305,0.000038034,0.216437201,0.001987489,0.018009952
45,0.250275565,0.510484816,0.001382022,0.000102813,0.001337221,0.000038438,0.215480684,0.001989782,0.018908659
46,0.249351279,0.511428684,0.001397683,0.00010394,0.00135145,0.00003885,0.214532163,0.0019921,0.019803852
47,0.24842948,0.512364873,0.001413665,0.000105092,0.001365994,0.000039272,0.213591653,0.001994443,0.020695529
48,0.247746583,0.513034178,0.001429976,0.000106268,0.001380857,0.000039703,0.21265917,0.001996812,0.021606453
49,0.248247558,0.512403291,0.001446605,0.000107469,0.00139604,0.000040143,0.211734729,0.001999208,0.022624958
50,0.248748512,0.511771207,0.00146355,0.000108694,0.001411545,0.000040593,0.210818345,0.00200163,0.023635924
51,0.24924942,0.51113789,0.001480821,0.000109944,0.001427373,0.000041051,0.209910036,0.00200408,0.024639384
52,0.249506457,0.510847778,0.001498427,0.000111219,0.001443526,0.00004152,0.209009816,0.002006559,0.025534698
53,0.248546728,0.51227213,0.001516409,0.000112519,0.00146001,0.000041998,0.208117703,0.002009066,0.025923437
54,0.24758962,0.513685854,0.001534786,0.000113846,0.001476837,0.000042485,0.207233714,0.002011602,0.026311256
55,0.24663511,0.515088952,0.001553559,0.000115201,0.001494014,0.000042982,0.206357871,0.002014169,0.026698142
56,0.245739438,0.5162554,0.001572732,0.000116584,0.001511553,0.00004349,0.205490193,0.002016766,0.027253844
57,0.245126422,0.51628777,0.001592279,0.000117996,0.001529459,0.000044008,0.204630706,0.002019394,0.028651965
58,0.244513775,0.51631912,0.001612195,0.000119436,0.001547733,0.000044537,0.203779433,0.002022054,0.030041717
59,0.243901478,0.5163494,0.00163249,0.000120906,0.001566379,0.000045077,0.202936397,0.002024746,0.031423128
60,0.243279524,0.516442707,0.001653173,0.000122404,0.001585399,0.000045628,0.202101623,0.002027472,0.03274207
61,0.242608132,0.516853492,0.001674264,0.000123932,0.001604799,0.000046189,0.201275136,0.002030231,0.033783824
62,0.241937351,0.51725989,0.001695774,0.00012549,0.001624586,0.000046762,0.200456963,0.002033025,0.034820158
63,0.24126716,0.517661872,0.001717708,0.000127079,0.001644768,0.000047346,0.199647131,0.002035854,0.035851082
64,0.240725324,0.517732686,0.001740074,0.000128699,0.001665351,0.000047942,0.198845669,0.002038718,0.037075538
65,0.240822084,0.516176786,0.001762833,0.00013035,0.001686339,0.000048549,0.198052605,0.002041619,0.039278833
66,0.240917518,0.514633619,0.001785976,0.000132033,0.001707732,0.000049169,0.19726797,0.002044558,0.041461425
67,0.241011599,0.513103013,0.001809519,0.000133746,0.001729528,0.0000498,0.196491793,0.002047534,0.043623468
68,0.241178135,0.511564512,0.001833472,0.00013549,0.00175173,0.000050442,0.195724103,0.002050549,0.045711567
69,0.241713165,0.509934647,0.001857848,0.000137265,0.001774341,0.000051097,0.19496493,0.002053603,0.047513103
70,0.242247892,0.508313343,0.001882659,0.000139072,0.001797366,0.000051764,0.194214304,0.002056697,0.049296904
71,0.242782279,0.506700472,0.001907911,0.000140912,0.001820812,0.000052442,0.193472255,0.002059832,0.051063085
72,0.243060895,0.50541638,0.001933613,0.000142784,0.001844683,0.000053133,0.192738815,0.002063009,0.052746688
73,0.242064654,0.505733837,0.00195981,0.000144689,0.001868988,0.000053836,0.192014019,0.002066227,0.054093941
74,0.241070951,0.506046466,0.001986522,0.00014663,0.001893742,0.000054551,0.1912979,0.002069489,0.055433749
75,0.24007976,0.506354235,0.00201375,0.000148608,0.001918956,0.00005528,0.190590496,0.002072794,0.05676612
76,0.239328004,0.506300052,0.0020415,0.000150622,0.001944643,0.000056023,0.189891846,0.002076144,0.058211166
77,0.2397622,0.504466387,0.002069728,0.000152675,0.001970809,0.000056779,0.189201992,0.002079539,0.060239891
78,0.240195479,0.502645091,0.002098425,0.000154764,0.001997455,0.000057549,0.188520976,0.002082981,0.062247281
79,0.240627802,0.500835993,0.002127604,0.000156891,0.002024582,0.000058333,0.187848838,0.002086469,0.064233488
80,0.241076031,0.499225654,0.002157278,0.000159055,0.002052193,0.000059132,0.18718562,0.002090006,0.065995031
81,0.241607975,0.498551706,0.002187499,0.000161257,0.002080296,0.000059944,0.186531365,0.002093591,0.066726366
82,0.242139245,0.497874718,0.002218292,0.000163498,0.002108905,0.000060771,0.185886117,0.002097226,0.067451228
83,0.242669799,0.497194655,0.002249659,0.00016578,0.002138032,0.000061613,0.185249921,0.002100912,0.06816963
84,0.243186296,0.496729103,0.002281605,0.000168104,0.002167689,0.00006247,0.184622827,0.002104649,0.068677257
85,0.243635328,0.497342955,0.002314186,0.000170471,0.002197889,0.000063343,0.184004885,0.002108438,0.068162505
86,0.244083191,0.497944919,0.002347424,0.000172882,0.002228653,0.000064232,0.183396149,0.002112281,0.06765027
87,0.244529838,0.498534977,0.002381321,0.00017534,0.002259997,0.000065137,0.182796674,0.002116178,0.067140537
88,0.244833304,0.499297613,0.002415882,0.000177845,0.002291938,0.000066059,0.182206522,0.00212013,0.066590707
89,0.244426062,0.500970205,0.002451139,0.0001804,0.00232449,0.000066999,0.181625753,0.002124139,0.065830814
90,0.244017371,0.502630353,0.002487111,0.000183004,0.002357672,0.000067958,0.181054432,0.002128206,0.065073893
91,0.243607201,0.504278006,0.002523803,0.000185661,0.0023915,0.000068935,0.180492629,0.002132331,0.064319936
92,0.2430862,0.5059941,0.002561222,0.00018837,0.00242599,0.000069931,0.179940412,0.002136516,0.06359726
93,0.242019556,0.508100602,0.002599384,0.000191133,0.002461155,0.000070947,0.179397856,0.002140762,0.063018604
94,0.240955346,0.510191096,0.002638303,0.000193951,0.002497011,0.000071983,0.178865035,0.002145071,0.062442205
95,0.239893532,0.512265522,0.002677986,0.000196824,0.002533573,0.000073039,0.178342028,0.002149443,0.061868054
96,0.239082537,0.513662887,0.002718446,0.000199754,0.002570852,0.000074117,0.177828913,0.002153879,0.061708614
97,0.239514611,0.511758182,0.002759549,0.000202741,0.002608854,0.000075215,0.177325773,0.002158382,0.063596692
98,0.239944997,0.509864458,0.002801257,0.000205782,0.002647563,0.000076335,0.176832687,0.002162952,0.065463968
99,0.240373639,0.507981545,0.002843601,0.000208875,0.002686969,0.000077476,0.176349731,0.002167591,0.067310574
100,0.240554294,0.506800554,0.002886605,0.000212019,0.002727067,0.000078637,0.175876981,0.002172299,0.068691544
101,0.239505192,0.50906944,0.002930453,0.000215217,0.002767866,0.000079818,0.17541451,0.002177078,0.067840425
102,0.238458081,0.511321411,0.002975217,0.000218472,0.002809403,0.000081019,0.174962396,0.00218193,0.066992071
103,0.237412929,0.513556385,0.003020887,0.000221788,0.002851707,0.000082242,0.174520724,0.002186854,0.066146483
104,0.236606679,0.515249588,0.003067464,0.000225167,0.002894804,0.000083488,0.174089582,0.002191854,0.065591375
105,0.236985564,0.5143128,0.003114827,0.00022861,0.002938708,0.000084756,0.173669063,0.002196929,0.066468745
106,0.237362237,0.513374426,0.003162939,0.000232115,0.002983413,0.000086048,0.17325926,0.002202082,0.067337479
107,0.237736638,0.5124344,0.003211826,0.000235681,0.003028917,0.000087364,0.172860264,0.002207314,0.068197596
108,0.237949757,0.511731803,0.003261508,0.000239309,0.003075222,0.000088703,0.172472166,0.002212627,0.068968905
109,0.237366595,0.512218297,0.003312053,0.000242998,0.003122333,0.000090065,0.172095056,0.002218021,0.06933458
110,0.236781881,0.512695771,0.003363494,0.000246751,0.003170269,0.000091452,0.171729029,0.002223499,0.069697855
111,0.23619558,0.513164162,0.003415837,0.000250569,0.003219044,0.000092862,0.171374177,0.002229061,0.070058708
112,0.23554586,0.513868307,0.003469089,0.000254454,0.003268672,0.000094296,0.1710306,0.002234709,0.070234014
113,0.234586962,0.515782528,0.003523333,0.000258406,0.003319172,0.000095756,0.170698396,0.002240444,0.069495004
114,0.233628826,0.517679624,0.003578603,0.000262429,0.00337057,0.000097241,0.170377668,0.002246269,0.068758771
115,0.232671417,0.519559496,0.003634899,0.000266525,0.00342289,0.000098752,0.170068526,0.002252185,0.068025309
116,0.231921869,0.521268662,0.003692227,0.000270696,0.003476155,0.00010029,0.169771081,0.002258192,0.067240828
117,0.232207236,0.522193549,0.003750575,0.000274942,0.00353038,0.000101857,0.169485446,0.002264294,0.066191721
118,0.232489554,0.523102572,0.003809945,0.000279265,0.00358558,0.000103451,0.16921174,0.002270492,0.065147403
119,0.232768747,0.523995655,0.003870349,0.000283665,0.003641767,0.000105074,0.168950081,0.002276787,0.064107875
120,0.232795846,0.524690564,0.003931799,0.000288143,0.003698953,0.000106727,0.168700589,0.002283181,0.063504198
121,0.231579546,0.524466175,0.003994189,0.000292699,0.003757145,0.000108408,0.168463387,0.002289676,0.065048774
122,0.230366037,0.524236358,0.004057487,0.000297331,0.003816331,0.000110119,0.168238595,0.002296273,0.066581467
123,0.229155281,0.524001016,0.004121722,0.000302037,0.003876505,0.000111859,0.168026331,0.002302975,0.068102273
124,0.228007533,0.523685051,0.004186914,0.000306818,0.003937663,0.000113628,0.167826711,0.002309783,0.069625898
125,0.22716207,0.522991807,0.00425306,0.000311672,0.003999807,0.000115425,0.16763985,0.002316699,0.07120961
126,0.22631599,0.522298399,0.004320166,0.0003166,0.004062936,0.000117251,0.167465863,0.002323725,0.07277907
127,0.225469266,0.521604701,0.004388247,0.000321602,0.004127051,0.000119105,0.167304864,0.002330861,0.074334303
128,0.224830213,0.520963908,0.004457312,0.000326679,0.004192156,0.000120987,0.167156967,0.00233811,0.075613668
129,0.225231267,0.520581825,0.00452744,0.000331831,0.004258259,0.000122898,0.167022285,0.002345473,0.075578721
130,0.225629017,0.520188765,0.004598661,0.000337061,0.004325378,0.000124838,0.166900936,0.002352953,0.075542392
131,0.226023379,0.519784694,0.004670971,0.00034237,0.004393531,0.000126806,0.166793037,0.00236055,0.075504662
132,0.226372691,0.519314709,0.00474437,0.00034776,0.00446273,0.000128805,0.166698709,0.002368267,0.075561958
133,0.226510238,0.518562924,0.004818823,0.000353231,0.004532985,0.000130834,0.166618076,0.002376106,0.076096783
134,0.226643587,0.517805645,0.00489432,0.000358783,0.004604298,0.000132893,0.16655126,0.002384068,0.076625147
135,0.226772667,0.517042816,0.004970867,0.000364415,0.004676672,0.000134983,0.166498384,0.002392155,0.077147041
136,0.226668561,0.516489237,0.00504847,0.000370129,0.004750111,0.000137104,0.166459571,0.002400369,0.077676449
137,0.225420528,0.516998088,0.005127183,0.000375924,0.004824621,0.000139255,0.166434944,0.002408711,0.078270745
138,0.224174925,0.517492166,0.005207025,0.000381802,0.004900216,0.000141438,0.166424627,0.002417185,0.078860615
139,0.222931724,0.517971411,0.005287993,0.000387764,0.004976907,0.000143652,0.166428745,0.002425791,0.079446014
140,0.221756234,0.518649306,0.005370082,0.000393811,0.005054704,0.000145897,0.166447427,0.002434531,0.079748008
141,0.220907685,0.520375905,0.005453422,0.000399943,0.005133621,0.000148175,0.1664808,0.002443407,0.078657043
142,0.220057749,0.522082238,0.005538055,0.000406166,0.005213691,0.000150485,0.166528996,0.002452422,0.077570198
143,0.219206401,0.52376817,0.005623964,0.00041248,0.005294939,0.000152829,0.166592154,0.002461577,0.076487487
144,0.218496639,0.525354472,0.005711136,0.000418888,0.005377385,0.000155207,0.166670413,0.002470874,0.075344987
145,0.218498851,0.526524604,0.005799558,0.00042539,0.005461043,0.00015762,0.166763917,0.002480316,0.073888701
146,0.218496154,0.527675018,0.005889223,0.000431988,0.005545924,0.000160068,0.166872811,0.002489905,0.072438909
147,0.218488477,0.528805603,0.005980128,0.00043868,0.005632037,0.000162553,0.166997241,0.002499642,0.07099564
148,0.218357859,0.529634899,0.006072269,0.000445467,0.005719387,0.000165073,0.167137353,0.002509529,0.069958162
149,0.217634278,0.529047845,0.006165438,0.000452348,0.005807968,0.000167629,0.167293294,0.00251957,0.07091163
150,0.216907963,0.528455042,0.00625956,0.000459317,0.005897741,0.000170221,0.167465204,0.002529766,0.071855187
151,0.216178891,0.527856398,0.006354659,0.000466371,0.005988676,0.000172847,0.167653217,0.002540119,0.072788823
152,0.215478724,0.527510287,0.006450747,0.000473507,0.006080749,0.000175506,0.167857458,0.002550631,0.073422391
153,0.214933528,0.528442216,0.006548002,0.000480725,0.006173954,0.000178198,0.168078051,0.002561303,0.072604023
154,0.214384372,0.529355368,0.006646483,0.000488028,0.00626831,0.000180921,0.16831512,0.002572139,0.071789257
155,0.213831229,0.530249657,0.00674616,0.000495419,0.006363831,0.000183678,0.16856879,0.002583139,0.070978098
156,0.213289443,0.531084926,0.006847007,0.000502898,0.006460524,0.000186467,0.168839189,0.002594305,0.070195239
157,0.212820225,0.531701653,0.006948983,0.000510465,0.006558393,0.00018929,0.169126444,0.00260564,0.069538907
158,0.212346483,0.532300509,0.00705206,0.00051812,0.00665743,0.000192146,0.169430683,0.002617146,0.068885422
159,0.211868189,0.532881424,0.007156223,0.000525862,0.006757631,0.000195036,0.16975203,0.002628824,0.068234781
160,0.211292481,0.533482235,0.007261457,0.00053369,0.006858986,0.000197959,0.170090608,0.002640677,0.067641909
161,0.210250501,0.534253399,0.007367737,0.000541602,0.006961485,0.000200914,0.170446538,0.002652706,0.067325119
162,0.209207951,0.535004383,0.007475043,0.000549597,0.007065116,0.000203902,0.170819937,0.002664913,0.067009157
163,0.208164829,0.535735121,0.007583356,0.000557675,0.007169866,0.000206922,0.17121092,0.0026773,0.066694009
164,0.20732723,0.536386447,0.007692656,0.000565833,0.00727572,0.000209974,0.171619598,0.00268987,0.066232672
165,0.207517136,0.536720129,0.007802953,0.000574071,0.007382665,0.000213057,0.17204608,0.002702623,0.065041286
166,0.20770126,0.537032653,0.007914235,0.000582387,0.00749069,0.000216171,0.172490469,0.002715562,0.063856573
167,0.207879527,0.537324008,0.008026472,0.00059078,0.007599782,0.000219315,0.172952868,0.002728689,0.062678559
168,0.207806644,0.537370353,0.008139633,0.00059925,0.007709926,0.000222489,0.173433376,0.002742005,0.061976324
169,0.206507253,0.536288023,0.008253407,0.000607793,0.007821087,0.000225692,0.173932087,0.002755511,0.063609147
170,0.205209932,0.535201965,0.008367667,0.000616398,0.007933187,0.000228924,0.174449084,0.00276921,0.065223633
171,0.203914696,0.534112145,0.008482422,0.00062506,0.008046161,0.000232181,0.174984435,0.002783103,0.066819798
172,0.202721557,0.532857266,0.008597661,0.000633774,0.008159951,0.000235461,0.175538197,0.002797191,0.068458942
173,0.202027215,0.530800833,0.00871327,0.000642535,0.008274501,0.000238763,0.176110415,0.002811475,0.070380993
174,0.201329116,0.528754581,0.00882919,0.000651336,0.008389746,0.000242085,0.17670112,0.002825957,0.072276869
175,0.200627282,0.526718427,0.008945399,0.000660174,0.008505626,0.000245424,0.177310335,0.002840637,0.074146696
176,0.199877419,0.525232766,0.009061871,0.000669045,0.008622086,0.00024878,0.17793807,0.002855516,0.075494449
177,0.198903628,0.526438703,0.009179038,0.000677947,0.008739106,0.000252149,0.178584324,0.002870595,0.074354511
178,0.197928437,0.527620438,0.009297015,0.000686891,0.008856729,0.000255532,0.179249103,0.002885874,0.07321998
179,0.19695188,0.528777968,0.009415691,0.00069588,0.008974981,0.000258931,0.179932418,0.002901356,0.072090895
180,0.19605121,0.529521065,0.009534972,0.000704915,0.009093868,0.000262346,0.180634283,0.00291704,0.071280301
181,0.195533346,0.528302944,0.009654445,0.000713993,0.009213361,0.000265777,0.181354712,0.002932927,0.072028496
182,0.195010651,0.527081394,0.009773927,0.000723104,0.009333374,0.000269224,0.182093707,0.00294902,0.0727656
183,0.194483148,0.525856485,0.009893404,0.000732239,0.009453827,0.000272685,0.182851255,0.002965317,0.07349164
184,0.193888095,0.524992975,0.010012846,0.00074139,0.009574651,0.000276156,0.183627327,0.00298182,0.073904738
185,0.192976155,0.525937205,0.010132551,0.000750556,0.009695799,0.000279637,0.184421886,0.00299853,0.072807681
186,0.192062339,0.526858309,0.010252583,0.00075974,0.009817276,0.000283126,0.185234886,0.003015446,0.071716295
187,0.191146697,0.527756351,0.010372841,0.000768942,0.009939075,0.000286621,0.186066286,0.003032569,0.070630617
188,0.190209507,0.528160775,0.010493237,0.000778161,0.010061175,0.000290125,0.186916041,0.0030499,0.07004108
189,0.189172443,0.526211155,0.010613187,0.00078739,0.010183512,0.000293634,0.187784098,0.003067438,0.071887142
190,0.188134946,0.524270248,0.010732448,0.000796614,0.01030595,0.000297148,0.188670388,0.003085184,0.073707074
191,0.187097084,0.522338072,0.010851029,0.00080582,0.010428364,0.000300662,0.189574815,0.003103138,0.075501014
192,0.186139882,0.520561875,0.010968912,0.000814999,0.010550649,0.000304173,0.190497261,0.0031213,0.07704095
193,0.185584874,0.519521465,0.011086269,0.000824145,0.010672724,0.000307677,0.191437593,0.003139668,0.077425585
194,0.185025542,0.518475827,0.011203122,0.000833256,0.010794545,0.000311172,0.192395663,0.003158242,0.077802631
195,0.184461949,0.517425155,0.011319383,0.000842332,0.010916063,0.000314656,0.19337132,0.003177022,0.078172122
196,0.183945863,0.516232706,0.011434971,0.000851367,0.011037225,0.000318127,0.194364398,0.003196006,0.078619336
197,0.183683382,0.514356827,0.011549679,0.000860358,0.011157965,0.000321585,0.195374728,0.003215194,0.079480283
198,0.183415409,0.512485882,0.01166339,0.000869296,0.011278195,0.000325026,0.196402121,0.003234584,0.080326096
199,0.183141996,0.510620065,0.011776049,0.000878175,0.011397832,0.00032845,0.197446378,0.003254176,0.081156878
200,0.182746409,0.508760237,0.011887598,0.000886988,0.011516795,0.000331853,0.198507283,0.003273968,0.08208887
201,0.181764611,0.506911434,0.011997901,0.000895728,0.011635004,0.000335233,0.199584606,0.003293959,0.083581525
202,0.180782468,0.505071985,0.012106871,0.000904389,0.011752367,0.000338587,0.200678103,0.003314146,0.085051084
203,0.179800086,0.503242028,0.012214451,0.000912963,0.0118688,0.000341914,0.201787513,0.003334529,0.086497715
204,0.178831871,0.501757019,0.01232058,0.000921445,0.01198422,0.00034521,0.202912563,0.003355105,0.087571988
205,0.177934587,0.501942404,0.012425624,0.000929832,0.012098576,0.000348473,0.204052967,0.003375872,0.086891666
206,0.177036489,0.502112141,0.012529654,0.000938129,0.012211873,0.000351702,0.205208435,0.003396828,0.08621475
207,0.176137686,0.502266523,0.012632533,0.000946338,0.012324104,0.000354897,0.206378681,0.003417971,0.085541267
208,0.175226212,0.502034103,0.012734146,0.000954457,0.012435241,0.000358059,0.207563417,0.003439299,0.085255065
209,0.174254344,0.49994835,0.012833902,0.000962479,0.012545212,0.000361186,0.208762349,0.003460811,0.086871366
210,0.173282876,0.497877955,0.012931558,0.000970389,0.012653872,0.000364277,0.209975164,0.003482503,0.088461407
211,0.172311926,0.495823045,0.013027112,0.000978172,0.012761091,0.000367326,0.211201523,0.003504373,0.090025432
212,0.171448587,0.493800221,0.013120544,0.000985819,0.012866756,0.000370332,0.212441067,0.003526419,0.091440256
213,0.171118208,0.491871976,0.013211916,0.000993324,0.012970773,0.000373289,0.213693417,0.003548637,0.092218459
214,0.170783804,0.489954599,0.013301212,0.001000682,0.01307307,0.000376195,0.214958184,0.003571024,0.092981229
215,0.17044548,0.488048352,0.01338837,0.00100789,0.01317358,0.000379048,0.216234963,0.003593577,0.09372874
216,0.170083217,0.486295009,0.013473327,0.001014942,0.013272232,0.000381846,0.217523343,0.003616293,0.094339792
217,0.169616957,0.485253598,0.013556205,0.001021835,0.013368971,0.000384586,0.2188229,0.003639167,0.094335781
218,0.169147698,0.48421254,0.013637005,0.001028571,0.013463766,0.000387267,0.220133205,0.003662197,0.09432775
219,0.168675561,0.483172194,0.013715638,0.001035147,0.01355658,0.00038989,0.221453827,0.003685379,0.094315783
220,0.168209977,0.482351887,0.013792029,0.00104156,0.013647369,0.000392452,0.222784328,0.003708709,0.094071689
221,0.167788128,0.48261894,0.013866431,0.001047811,0.013736103,0.000394953,0.224124265,0.003732184,0.092691185
222,0.167363463,0.482873755,0.013938884,0.001053902,0.013822795,0.000397392,0.225473199,0.0037558,0.09132081
223,0.166936099,0.483116739,0.014009279,0.001059835,0.013907441,0.000399771,0.226830692,0.003779553,0.089960592
224,0.166406539,0.483181589,0.014077526,0.001065609,0.013990022,0.000402089,0.228196307,0.00380344,0.088876878
225,0.165379684,0.482409761,0.014143238,0.001071219,0.014070491,0.000404347,0.229569606,0.003827458,0.089124196
226,0.164355756,0.481638497,0.014206254,0.001076654,0.01414875,0.000406541,0.230950139,0.003851601,0.089365807
227,0.163334877,0.480868146,0.014266573,0.001081905,0.014224715,0.000408671,0.232337439,0.003875868,0.089601808
228,0.162357359,0.479955188,0.014324187,0.001086966,0.014298309,0.000410733,0.233731028,0.003900252,0.089935979
229,0.161582558,0.478332502,0.014378895,0.00109183,0.014369457,0.000412724,0.235130417,0.003924751,0.090776867
230,0.160808514,0.476724368,0.014430622,0.001096489,0.014438065,0.000414643,0.236535101,0.003949359,0.091602839
231,0.160035364,0.475131029,0.01447938,0.001100937,0.014504052,0.000416486,0.237944563,0.003974073,0.092414116
232,0.159246316,0.47394866,0.014525172,0.001105168,0.014567354,0.000418251,0.239358275,0.003998887,0.092831916
233,0.158374414,0.474744272,0.014568585,0.001109185,0.01462795,0.000419936,0.240775701,0.004023796,0.09135616
234,0.157504859,0.475528129,0.014609793,0.001113,0.014685907,0.000421542,0.242196314,0.004048796,0.089891661
235,0.156637774,0.476300667,0.014648684,0.001116619,0.014741273,0.000423069,0.243619602,0.004073882,0.088438431
236,0.155774367,0.476802139,0.014685175,0.001120047,0.014794072,0.000424521,0.245045061,0.004099049,0.087255569
237,0.154919064,0.476003157,0.014718809,0.001123281,0.014844291,0.000425897,0.246472195,0.004124295,0.087369011
238,0.15406651,0.475209804,0.01474942,0.001126311,0.014891852,0.000427198,0.247900502,0.004149613,0.087478791
239,0.15321682,0.474422414,0.014777049,0.00112913,0.014936688,0.000428422,0.249329467,0.004175,0.08758501
240,0.152395492,0.473581321,0.014801725,0.001131734,0.01497875,0.000429567,0.250758568,0.00420045,0.087722394
241,0.15170327,0.47244985,0.014823395,0.001134118,0.015017993,0.000430631,0.252187277,0.004225959,0.088027507
242,0.151012722,0.471330104,0.014842053,0.00113628,0.015054375,0.000431614,0.253615059,0.004251522,0.088326271
243,0.150323971,0.470222369,0.014857729,0.001138217,0.015087861,0.000432513,0.255041377,0.004277133,0.08861883
244,0.149641544,0.469284143,0.014870447,0.001139928,0.015118426,0.000433327,0.256465689,0.004302789,0.088743707
245,0.14898305,0.469137057,0.014880478,0.001141416,0.01514607,0.000434057,0.257887454,0.004328483,0.088061935
246,0.148326468,0.468991112,0.014887921,0.001142685,0.01517083,0.000434702,0.259306138,0.00435421,0.087385934
247,0.147671913,0.468846692,0.014892748,0.001143741,0.015192738,0.000435263,0.260721217,0.004379967,0.08671572
248,0.147082083,0.468389097,0.01489495,0.001144588,0.015211819,0.000435742,0.262132175,0.004405748,0.0863038
249,0.146806128,0.466374334,0.014894077,0.001145222,0.015228063,0.000436139,0.263538502,0.004431547,0.087145987
250,0.146530144,0.464386438,0.014890005,0.001145635,0.015241401,0.000436455,0.264939683,0.004457362,0.087972877
251,0.146254246,0.462425483,0.014882834,0.001145822,0.015251781,0.000436686,0.266335195,0.004483185,0.088784768
252,0.145904945,0.460718672,0.014872646,0.00114578,0.015259176,0.000436833,0.267724508,0.004509013,0.089428427
253,0.145189814,0.46016333,0.01485981,0.001145511,0.015263591,0.000436895,0.269107094,0.00453484,0.089299116
254,0.144478127,0.459617211,0.014844475,0.001145024,0.015265085,0.00043687,0.270482433,0.004560661,0.089170113
255,0.143769979,0.459080597,0.014826639,0.001144326,0.015263712,0.000436762,0.27185002,0.004586471,0.089041494
256,0.143125064,0.458248917,0.014806311,0.001143422,0.015259518,0.000436572,0.273209362,0.004612266,0.089158567
257,0.142780425,0.455920811,0.014783078,0.001142311,0.015252518,0.000436302,0.274559975,0.004638041,0.090486539
258,0.142436968,0.453630126,0.014756842,0.001140988,0.015242665,0.000435951,0.275901377,0.00466379,0.091791293
259,0.142094796,0.451376694,0.014727723,0.001139448,0.015229934,0.000435519,0.277233078,0.00468951,0.093073298
260,0.141619905,0.449323673,0.014695823,0.001137692,0.015214319,0.000435005,0.27855459,0.004715196,0.094303797
261,0.140481269,0.448114379,0.014661383,0.001135722,0.015195842,0.000434409,0.279865428,0.004740842,0.095370727
262,0.139352601,0.446926564,0.014624523,0.001133544,0.015174553,0.000433732,0.281165118,0.004766443,0.096422922
263,0.138233911,0.445760272,0.014585287,0.001131165,0.015150507,0.000432976,0.282453195,0.004791996,0.09746069
264,0.137188693,0.444615589,0.014543724,0.001128591,0.015123756,0.000432141,0.283729211,0.004817495,0.098420799
265,0.136468035,0.443492703,0.014499936,0.001125826,0.015094355,0.00043123,0.284992729,0.004842937,0.09905225
266,0.135752324,0.442391878,0.014453991,0.001122876,0.015062367,0.000430245,0.286243325,0.004868316,0.099674678
267,0.135041613,0.441313121,0.014405939,0.001119747,0.015027852,0.000429187,0.287480591,0.004893629,0.10028832
268,0.134429842,0.44057062,0.01435583,0.001116444,0.014990871,0.000428059,0.288704132,0.004918872,0.10048533
269,0.134290728,0.441406835,0.014304283,0.001112977,0.014951516,0.000426863,0.289913567,0.004944041,0.098649189
270,0.134153221,0.442243199,0.014251518,0.001109363,0.014909957,0.000425603,0.291108546,0.004969131,0.09682946
271,0.134017392,0.443079996,0.014197483,0.001105616,0.014866336,0.000424283,0.292288749,0.004994141,0.095026005
272,0.133834732,0.443886174,0.014142157,0.001101746,0.014820766,0.000422908,0.293453882,0.005019066,0.093318567
273,0.133411782,0.444538439,0.014085459,0.001097757,0.01477334,0.000421482,0.294603675,0.005043905,0.092024162
274,0.13299191,0.445194153,0.01402738,0.001093653,0.014724121,0.000420007,0.295737872,0.005068653,0.090742249
275,0.132575157,0.44585352,0.013967967,0.001089436,0.014673173,0.000418486,0.296856232,0.00509331,0.089472719
276,0.132122946,0.446320549,0.013907267,0.001085111,0.014620553,0.00041692,0.297958525,0.005117871,0.088450257
277,0.131481973,0.445819248,0.013845003,0.001080677,0.0145663,0.00041531,0.299044534,0.005142335,0.08860462
278,0.130846069,0.445334151,0.013781131,0.001076129,0.014510405,0.000413658,0.300114045,0.005166699,0.088757713
279,0.130215247,0.444865249,0.013715769,0.001071467,0.014452878,0.000411962,0.301166842,0.005190961,0.088909625
280,0.129570033,0.444718011,0.013649016,0.001066691,0.014393741,0.000410223,0.302202717,0.005215118,0.08877445
281,0.128833221,0.446103821,0.013581401,0.001061807,0.014333058,0.000408441,0.303221466,0.005239167,0.087217619
282,0.128102739,0.447489626,0.013513129,0.001056831,0.014270957,0.000406618,0.304222906,0.005263106,0.085674089
283,0.127378573,0.448875632,0.013444184,0.001051773,0.01420755,0.000404757,0.30520688,0.005286933,0.084143718
284,0.126762825,0.450127571,0.01337457,0.001046641,0.014142933,0.000402862,0.306173249,0.005310646,0.082658703
285,0.126661883,0.45071021,0.013304181,0.00104144,0.014077179,0.000400936,0.307121892,0.005334244,0.081348035
286,0.126563261,0.451297891,0.013233008,0.001036172,0.014010338,0.000398981,0.308052702,0.005357725,0.080049923
287,0.12646699,0.451890717,0.013161107,0.00103084,0.013942457,0.000396998,0.30896558,0.005381087,0.078764224
288,0.126334658,0.452330911,0.013088534,0.001025446,0.013873586,0.000394989,0.309860437,0.005404329,0.07768711
289,0.126013019,0.451994022,0.013015085,0.001019991,0.013803759,0.000392955,0.310737193,0.00542745,0.077596527
290,0.12569457,0.451672442,0.012940737,0.001014474,0.013732977,0.000390897,0.311595771,0.005450447,0.077507685
291,0.125379322,0.451366104,0.012865591,0.001008892,0.013661254,0.000388814,0.312436097,0.00547332,0.077420605
292,0.125037433,0.451275434,0.012789734,0.001003248,0.013588615,0.000386707,0.313258098,0.005496068,0.077164663
293,0.124550191,0.452195657,0.012713499,0.000997547,0.013515111,0.000384577,0.31406171,0.005518688,0.076063021
294,0.124067316,0.453120717,0.012637028,0.000991798,0.013440833,0.000382424,0.314846881,0.00554118,0.074971822
295,0.123588797,0.454050687,0.012560329,0.00098601,0.013365864,0.000380252,0.315613578,0.005563542,0.073890942
296,0.123057933,0.455009938,0.012483419,0.000980188,0.013290275,0.000378062,0.316361781,0.005585774,0.072852631
297,0.122250113,0.456094615,0.012406317,0.000974337,0.013214129,0.000375857,0.317091485,0.005607875,0.071985272
298,0.121450115,0.457182236,0.01232905,0.000968461,0.013137485,0.000373639,0.317802695,0.005629845,0.071126474
299,0.120657868,0.458272867,0.01225165,0.000962564,0.013060396,0.00037141,0.318495428,0.005651681,0.070276135
300,0.11996249,0.459388537,0.012174152,0.000956649,0.012982912,0.000369171,0.319169709,0.005673385,0.069322996
301,0.119718173,0.460616609,0.012096679,0.000950721,0.012905086,0.000366924,0.319825573,0.005694956,0.06782528
302,0.119476845,0.461848259,0.012019292,0.000944783,0.012826983,0.00036467,0.320463067,0.005716393,0.066339709
303,0.119238497,0.463083526,0.011942007,0.00093884,0.01274866,0.000362411,0.321082248,0.005737696,0.064866115
304,0.118945708,0.464407734,0.011864845,0.000932897,0.012670169,0.000360149,0.321683183,0.005758866,0.063376449
305,0.118370285,0.466160564,0.011787903,0.000926956,0.012591561,0.000357885,0.32226595,0.005779901,0.061758994
306,0.117800144,0.467914786,0.011711228,0.000921022,0.012512896,0.000355621,0.322830635,0.005800803,0.060152865
307,0.117235236,0.469670449,0.011634832,0.000915099,0.012434224,0.000353358,0.323377334,0.005821571,0.058557896
308,0.116757977,0.470892643,0.01155873,0.00090919,0.012355594,0.000351097,0.323906154,0.005842206,0.05742641
309,0.116696808,0.469461648,0.011482308,0.000903292,0.012277006,0.000348841,0.324417205,0.005862707,0.058550186
310,0.116638109,0.468059953,0.011405407,0.000897392,0.012198376,0.000346587,0.324910589,0.005883075,0.059660512
311,0.116581879,0.466687126,0.011328179,0.000891482,0.012119649,0.000344334,0.325386392,0.00590331,0.060757649
312,0.116460047,0.465560996,0.011250738,0.00088556,0.012040796,0.000342079,0.325844693,0.005923412,0.061691678
313,0.116001506,0.46554496,0.011173406,0.000879628,0.011961826,0.000339822,0.326285566,0.005943381,0.061869907
314,0.115547225,0.465542287,0.01109632,0.000873692,0.01188279,0.000337562,0.32670909,0.005963215,0.062047819
315,0.115097171,0.465552825,0.011019491,0.000867759,0.011803738,0.0003353,0.327115355,0.005982916,0.062225444
316,0.11461115,0.465389066,0.010942938,0.000861833,0.011724716,0.000333039,0.327504458,0.006002483,0.062630318
317,0.113929924,0.464311308,0.010866427,0.000855916,0.011645747,0.000330779,0.327876504,0.006021917,0.064161479
318,0.113255169,0.46326058,0.010789909,0.000850006,0.011566821,0.00032852,0.328231597,0.006041217,0.065676181
319,0.112586815,0.462236456,0.010713458,0.000844101,0.011487937,0.000326264,0.32856984,0.006060384,0.067174744
320,0.111990196,0.461298158,0.010637136,0.000838203,0.011409103,0.00032401,0.328891337,0.006079417,0.068532439
321,0.111725062,0.460679821,0.0105611,0.000832312,0.011330344,0.000321759,0.329196193,0.006098318,0.069255091
322,0.111462905,0.460081108,0.010485424,0.000826435,0.011251701,0.00031951,0.329484519,0.006117086,0.069971312
323,0.111203701,0.459501728,0.010410122,0.000820575,0.011173215,0.000317265,0.329756433,0.006135722,0.070681238
324,0.110871441,0.459117756,0.01033521,0.000814736,0.011094923,0.000315027,0.330012061,0.006154226,0.071284622
325,0.110164635,0.459626938,0.010260864,0.000808921,0.011016867,0.000312794,0.330251533,0.006172598,0.07138485
326,0.109464649,0.460143145,0.010187147,0.000803136,0.01093911,0.00031057,0.330474992,0.006190839,0.071486412
327,0.108771401,0.460666266,0.010114043,0.000797387,0.010861704,0.000308357,0.330682588,0.006208949,0.071589305
328,0.1081098,0.461038869,0.010041545,0.000791677,0.010784691,0.000306155,0.330874482,0.00622693,0.071825851
329,0.107578764,0.460638657,0.009969491,0.000786005,0.010708097,0.000303966,0.331050839,0.006244783,0.072719399
330,0.107052546,0.460255506,0.00989784,0.00078037,0.01063192,0.00030179,0.331211826,0.006262507,0.073605695
331,0.106531087,0.459889127,0.009826631,0.000774772,0.010556163,0.000299629,0.331357609,0.006280105,0.074484879
332,0.10600873,0.459956135,0.009755895,0.000769208,0.010480835,0.000297481,0.331488354,0.006297576,0.074945787
333,0.105463208,0.462112326,0.009686109,0.000763685,0.010405974,0.000295347,0.331604228,0.006314922,0.073354201
334,0.10492261,0.464266848,0.009617422,0.000758214,0.010331682,0.000293228,0.331705414,0.006332143,0.071772439
335,0.104386872,0.466419696,0.009549762,0.000752802,0.010258038,0.000291127,0.331792108,0.006349241,0.070200354
336,0.103917765,0.46838964,0.009483078,0.000747454,0.010185102,0.000289047,0.33186452,0.006366218,0.068757177
337,0.10376124,0.469455111,0.009417177,0.000742172,0.010112906,0.000286988,0.331922868,0.006383073,0.067918466
338,0.103606935,0.4705234,0.009351988,0.000736952,0.01004145,0.000284953,0.331967371,0.00639981,0.06708714
339,0.103454822,0.471594408,0.009287527,0.000731793,0.009970735,0.000282941,0.331998249,0.006416429,0.066263095
340,0.103252801,0.472510067,0.009223807,0.000726694,0.009900764,0.000280952,0.332015719,0.006432931,0.065656264
341,0.102793733,0.472644081,0.009160646,0.000721653,0.009831526,0.000278986,0.332019995,0.006449319,0.06610006
342,0.10233861,0.4727881,0.009097999,0.000716664,0.009762992,0.000277042,0.332011289,0.006465592,0.066541712
343,0.101887378,0.472941914,0.009035908,0.000711725,0.009695136,0.000275119,0.331989803,0.006481754,0.066981263
344,0.10144201,0.473252181,0.008974407,0.000706834,0.009627945,0.000273217,0.331955736,0.006497803,0.067269866
345,0.101010495,0.474301355,0.008913665,0.000701992,0.009561422,0.000271333,0.331909284,0.006513743,0.066816711
346,0.100582613,0.475352704,0.008853743,0.000697203,0.009495593,0.000269469,0.331850643,0.006529573,0.06636846
347,0.100158315,0.476406132,0.008794624,0.000692469,0.009430478,0.000267625,0.331780014,0.006545295,0.065925049
348,0.099703348,0.477574943,0.008736296,0.000687791,0.009366094,0.000265801,0.3316976,0.006560911,0.065407216
349,0.099082144,0.479309632,0.008678844,0.000683173,0.009302459,0.000263998,0.331603606,0.006576421,0.064499723
350,0.098466509,0.481041685,0.008622291,0.000678615,0.0092396,0.000262217,0.331498242,0.006591827,0.063599014
351,0.097856367,0.482771057,0.008566611,0.000674121,0.009177538,0.000260459,0.331381717,0.00660713,0.062704998
352,0.097247385,0.484093692,0.008511789,0.000669691,0.009116287,0.000258724,0.331254248,0.006622332,0.062225851
353,0.096622644,0.483409017,0.008457429,0.000665322,0.009055833,0.000257013,0.331116047,0.006637434,0.063779261
354,0.096003494,0.482742311,0.00840341,0.000661006,0.008996108,0.000255325,0.33096732,0.006652438,0.065318588
355,0.095389863,0.482093226,0.008349805,0.000656735,0.00893706,0.000253658,0.330808257,0.006667344,0.066844053
356,0.094836182,0.481823382,0.008296663,0.000652507,0.008878654,0.00025201,0.330639041,0.006682153,0.067939408
357,0.094558702,0.48336838,0.008244378,0.000648324,0.00882089,0.00025038,0.330459849,0.006696867,0.06695223
358,0.09428349,0.484912059,0.00819308,0.000644193,0.008763824,0.000248768,0.33027086,0.006711487,0.065972238
359,0.094010516,0.48645436,0.008142712,0.00064012,0.0087075,0.000247176,0.330072265,0.006726014,0.064999336
360,0.093739743,0.487995217,0.008093237,0.000636109,0.008651948,0.000245605,0.32986426,0.006740449,0.064033432
